id_oferty;id_firmy;okres_umowy;grupa_okresu;nazwa_oferty;predkosc_pobierania;predkosc_wysylania;grupa_porownawcza_internet;nazwa_pakietu;liczba_kanalow;grupa_porownawcza_telewizja;dodatki;uwagi;okres_od_1;okres_do_1;cena_1;okres_od_2;okres_do_2;cena_2;okres_od_3;okres_do_3;cena_3
1;CHOPIN;24;24;Oferta letnia;300;15;300;Start Box;129;129;SMART M - 84 kanały;cena z rabatem za e-fakturę;1;24;74.99;;;;;;
2;CHOPIN;24;24;Oferta letnia (z CANAL+ Seriale i Filmy);300;15;300;Start Box;129;129;SMART M - 84 kanały, CANAL+ Seriale i Filmy;cena z rabatem za e-fakturę;1;24;84.99;;;;;;
3;CHOPIN;24;24;Oferta letnia (z CANAL+ Super Sport);300;15;300;Start Box;129;129;SMART M - 84 kanały, CANAL+ Super Sport;cena z rabatem za e-fakturę;1;24;124.99;;;;;;
4;CHOPIN;24;24;Oferta letnia;650;30;650;Start Box;129;129;SMART M - 84 kanały;cena z rabatem za e-fakturę;1;24;89.99;;;;;;
5;CHOPIN;24;24;Oferta letnia (z CANAL+ Seriale i Filmy);650;30;650;Start Box;129;129;SMART M - 84 kanały, CANAL+ Seriale i Filmy;cena z rabatem za e-fakturę;1;24;99.99;;;;;;
6;CHOPIN;24;24;Oferta letnia (z CANAL+ Super Sport);650;30;650;Start Box;129;129;SMART M - 84 kanały, CANAL+ Super Sport;cena z rabatem za e-fakturę;1;24;139.99;;;;;;
7;CHOPIN;24;24;Oferta letnia;800;40;800;Start Box;129;129;SMART M - 84 kanały;cena z rabatem za e-fakturę;1;24;104.99;;;;;;
8;CHOPIN;24;24;Oferta letnia (z CANAL+ Seriale i Filmy);800;40;800;Start Box;129;129;SMART M - 84 kanały, CANAL+ Seriale i Filmy;cena z rabatem za e-fakturę;1;24;114.99;;;;;;
9;CHOPIN;24;24;Oferta letnia (z CANAL+ Super Sport);800;40;800;Start Box;129;129;SMART M - 84 kanały, CANAL+ Super Sport;cena z rabatem za e-fakturę;1;24;154.99;;;;;;
10;CHOPIN;24;24;Blue Box + Net;300;15;300;Blue Box;57;57;SMART TV - 57 kanałów;cena z rabatem za e-fakturę;1;3;0.00;4;24;83.69;;;
11;CHOPIN;24;24;Blue Box + Net;650;30;650;Blue Box;57;57;SMART TV - 57 kanałów;cena z rabatem za e-fakturę;1;3;0.00;4;24;93.69;;;
12;CHOPIN;24;24;Blue Box + Net;800;40;800;Blue Box;57;57;SMART TV - 57 kanałów;cena z rabatem za e-fakturę;1;3;0.00;4;24;103.69;;;
13;CHOPIN;24;24;Dla Dwojga (z CANAL+ Seriale i Filmy);120;10;120;Start Box;129;129;SMART M - 84 kanały, CANAL+ Seriale i Filmy;"dostępny dla Klientów posiadających 
legitymację emeryta / rencisty
, cena z rabatem za e-fakturę";1;1;133.56;2;24;138.55;;;
14;CHOPIN;24;24;Dla Dwojga (z CANAL+ Super Sport);120;10;120;Start Box;129;129;SMART M - 84 kanały, CANAL+ Super Sport;"dostępny dla Klientów posiadających 
legitymację emeryta / rencisty
, cena z rabatem za e-fakturę";1;1;173.56;2;24;178.55;;;
15;CHOPIN;24;24;Dla Dwojga (z HBO);120;10;120;Start Box;129;129;SMART M - 84 kanały, HBO;"dostępny dla Klientów posiadających 
legitymację emeryta / rencisty
, cena z rabatem za e-fakturę";1;1;148.46;2;24;153.45;;;
16;CHOPIN;24;24;Dla Dwojga (z CANAL+ Seriale i Filmy i HBO);120;10;120;Start Box;129;129;SMART M - 84 kanały, CANAL+ Seriale i Filmy, HBO;"dostępny dla Klientów posiadających 
legitymację emeryta / rencisty
, cena z rabatem za e-fakturę";1;1;173.46;2;24;178.45;;;
17;CHOPIN;24;24;Dla Dwojga (z CANAL+ Super Sport i HBO);120;10;120;Start Box;129;129;SMART M - 84 kanały, CANAL+ Super Sport, HBO;"dostępny dla Klientów posiadających 
legitymację emeryta / rencisty
, cena z rabatem za e-fakturę";1;1;213.46;2;24;218.45;;;
18;CHOPIN;24;24;Dla Dwojga (z CANAL+ Seriale i Filmy);120;10;120;M Box;184;184;SMART M - 84 kanały, CANAL+ Seriale i Filmy;"dostępny dla Klientów posiadających 
legitymację emeryta / rencisty
, cena z rabatem za e-fakturę";1;1;159.56;2;24;164.55;;;
19;CHOPIN;24;24;Dla Dwojga (z CANAL+ Super Sport);120;10;120;M Box;184;184;SMART M - 84 kanały, CANAL+ Super Sport;"dostępny dla Klientów posiadających 
legitymację emeryta / rencisty
, cena z rabatem za e-fakturę";1;1;199.56;2;24;204.55;;;
20;CHOPIN;24;24;Dla Dwojga (z HBO);120;10;120;M Box;184;184;SMART M - 84 kanały, HBO;"dostępny dla Klientów posiadających 
legitymację emeryta / rencisty
, cena z rabatem za e-fakturę";1;1;174.46;2;24;179.45;;;
21;CHOPIN;24;24;Dla Dwojga (z CANAL+ Seriale i Filmy i HBO);120;10;120;M Box;184;184;SMART M - 84 kanały, CANAL+ Seriale i Filmy, HBO;"dostępny dla Klientów posiadających 
legitymację emeryta / rencisty
, cena z rabatem za e-fakturę";1;1;199.46;2;24;204.45;;;
22;CHOPIN;24;24;Dla Dwojga (z CANAL+ Super Sport i HBO);120;10;120;M Box;184;184;SMART M - 84 kanały, CANAL+ Super Sport, HBO;"dostępny dla Klientów posiadających 
legitymację emeryta / rencisty
, cena z rabatem za e-fakturę";1;1;239.46;2;24;244.45;;;
23;CHOPIN;24;24;Dla Dwojga (z CANAL+ Seriale i Filmy);120;10;120;L Box;236;236;SMART L - 136 kanałów, CANAL+ Seriale i Filmy;"dostępny dla Klientów posiadających 
legitymację emeryta / rencisty
, cena z rabatem za e-fakturę";1;1;185.56;2;24;190.55;;;
24;CHOPIN;24;24;Dla Dwojga (z CANAL+ Super Sport);120;10;120;L Box;236;236;SMART L - 136 kanałów, CANAL+ Super Sport;"dostępny dla Klientów posiadających 
legitymację emeryta / rencisty
, cena z rabatem za e-fakturę";1;1;225.56;2;24;230.55;;;
25;CHOPIN;24;24;Dla Dwojga (z HBO);120;10;120;L Box;236;236;SMART L - 136 kanałów, HBO;"dostępny dla Klientów posiadających 
legitymację emeryta / rencisty
, cena z rabatem za e-fakturę";1;1;202.46;2;24;207.45;;;
26;CHOPIN;24;24;Dla Dwojga (z CANAL+ Seriale i Filmy i HBO);120;10;120;L Box;236;236;SMART L - 136 kanałów, CANAL+ Seriale i Filmy, HBO;"dostępny dla Klientów posiadających 
legitymację emeryta / rencisty
, cena z rabatem za e-fakturę";1;1;225.46;2;24;230.45;;;
27;CHOPIN;24;24;Dla Dwojga (z CANAL+ Super Sport i HBO);120;10;120;L Box;236;236;SMART L - 136 kanałów, CANAL+ Super Sport, HBO;"dostępny dla Klientów posiadających 
legitymację emeryta / rencisty
, cena z rabatem za e-fakturę";1;1;265.46;2;24;270.45;;;
28;CHOPIN;24;24;Dla Dwojga;120;10;120;XXL Box;256;256;SMART L - 136 kanałów;"dostępny dla Klientów posiadających 
legitymację emeryta / rencisty
, cena z rabatem za e-fakturę";1;1;246.56;2;24;251.55;;;
29;CHOPIN;24;24;Dla Dwojga (z CANAL+ Seriale i Filmy);300;15;300;Start Box;129;129;SMART M - 84 kanały, CANAL+ Seriale i Filmy;cena z rabatem za e-fakturę;1;1;138.56;2;24;143.55;;;
30;CHOPIN;24;24;Dla Dwojga (z CANAL+ Super Sport);300;15;300;Start Box;129;129;SMART M - 84 kanały, CANAL+ Super Sport;cena z rabatem za e-fakturę;1;1;178.56;2;24;183.55;;;
31;CHOPIN;24;24;Dla Dwojga (z HBO);300;15;300;Start Box;129;129;SMART M - 84 kanały, HBO;cena z rabatem za e-fakturę;1;1;153.46;2;24;158.45;;;
32;CHOPIN;24;24;Dla Dwojga (z CANAL+ Seriale i Filmy i HBO);300;15;300;Start Box;129;129;SMART M - 84 kanały, CANAL+ Seriale i Filmy, HBO;cena z rabatem za e-fakturę;1;1;178.46;2;24;183.45;;;
33;CHOPIN;24;24;Dla Dwojga (z CANAL+ Super Sport i HBO);300;15;300;Start Box;129;129;SMART M - 84 kanały, CANAL+ Super Sport, HBO;cena z rabatem za e-fakturę;1;1;218.46;2;24;223.45;;;
34;CHOPIN;24;24;Dla Dwojga (z CANAL+ Seriale i Filmy);300;15;300;M Box;184;184;SMART M - 84 kanały, CANAL+ Seriale i Filmy;cena z rabatem za e-fakturę;1;1;164.56;2;24;169.55;;;
35;CHOPIN;24;24;Dla Dwojga (z CANAL+ Super Sport);300;15;300;M Box;184;184;SMART M - 84 kanały, CANAL+ Super Sport;cena z rabatem za e-fakturę;1;1;204.56;2;24;209.55;;;
36;CHOPIN;24;24;Dla Dwojga (z HBO);300;15;300;M Box;184;184;SMART M - 84 kanały, HBO;cena z rabatem za e-fakturę;1;1;179.46;2;24;184.45;;;
37;CHOPIN;24;24;Dla Dwojga (z CANAL+ Seriale i Filmy i HBO);300;15;300;M Box;184;184;SMART M - 84 kanały, CANAL+ Seriale i Filmy, HBO;cena z rabatem za e-fakturę;1;1;204.46;2;24;209.45;;;
38;CHOPIN;24;24;Dla Dwojga (z CANAL+ Super Sport i HBO);300;15;300;M Box;184;184;SMART M - 84 kanały, CANAL+ Super Sport, HBO;cena z rabatem za e-fakturę;1;1;244.46;2;24;249.45;;;
39;CHOPIN;24;24;Dla Dwojga (z CANAL+ Seriale i Filmy);300;15;300;L Box;236;236;SMART L - 136 kanałów, CANAL+ Seriale i Filmy;cena z rabatem za e-fakturę;1;1;189.56;2;24;195.55;;;
40;CHOPIN;24;24;Dla Dwojga (z CANAL+ Super Sport);300;15;300;L Box;236;236;SMART L - 136 kanałów, CANAL+ Super Sport;cena z rabatem za e-fakturę;1;1;230.56;2;24;235.55;;;
41;CHOPIN;24;24;Dla Dwojga (z HBO);300;15;300;L Box;236;236;SMART L - 136 kanałów, HBO;cena z rabatem za e-fakturę;1;1;207.46;2;24;212.45;;;
42;CHOPIN;24;24;Dla Dwojga (z CANAL+ Seriale i Filmy i HBO);300;15;300;L Box;236;236;SMART L - 136 kanałów, CANAL+ Seriale i Filmy, HBO;cena z rabatem za e-fakturę;1;1;230.46;2;24;235.45;;;
43;CHOPIN;24;24;Dla Dwojga (z CANAL+ Super Sport i HBO);300;15;300;L Box;236;236;SMART L - 136 kanałów, CANAL+ Super Sport, HBO;cena z rabatem za e-fakturę;1;1;270.46;2;24;275.45;;;
44;CHOPIN;24;24;Dla Dwojga;300;15;300;XXL Box;256;256;SMART L - 136 kanałów;cena z rabatem za e-fakturę;1;1;251.56;2;24;256.55;;;
45;CHOPIN;24;24;Dla Dwojga (z CANAL+ Seriale i Filmy);650;30;650;Start Box;129;129;SMART M - 84 kanały, CANAL+ Seriale i Filmy;cena z rabatem za e-fakturę;1;1;143.56;2;24;148.55;;;
46;CHOPIN;24;24;Dla Dwojga (z CANAL+ Super Sport);650;30;650;Start Box;129;129;SMART M - 84 kanały, CANAL+ Super Sport;cena z rabatem za e-fakturę;1;1;183.56;2;24;188.55;;;
47;CHOPIN;24;24;Dla Dwojga (z HBO);650;30;650;Start Box;129;129;SMART M - 84 kanały, HBO;cena z rabatem za e-fakturę;1;1;158.46;2;24;163.45;;;
48;CHOPIN;24;24;Dla Dwojga (z CANAL+ Seriale i Filmy i HBO);650;30;650;Start Box;129;129;SMART M - 84 kanały, CANAL+ Seriale i Filmy, HBO;cena z rabatem za e-fakturę;1;1;183.46;2;24;188.45;;;
49;CHOPIN;24;24;Dla Dwojga (z CANAL+ Super Sport i HBO);650;30;650;Start Box;129;129;SMART M - 84 kanały, CANAL+ Super Sport, HBO;cena z rabatem za e-fakturę;1;1;223.46;2;24;228.45;;;
50;CHOPIN;24;24;Dla Dwojga (z CANAL+ Seriale i Filmy);650;30;650;M Box;184;184;SMART M - 84 kanały, CANAL+ Seriale i Filmy;cena z rabatem za e-fakturę;1;1;169.56;2;24;174.55;;;
51;CHOPIN;24;24;Dla Dwojga (z CANAL+ Super Sport);650;30;650;M Box;184;184;SMART M - 84 kanały, CANAL+ Super Sport;cena z rabatem za e-fakturę;1;1;209.56;2;24;214.55;;;
52;CHOPIN;24;24;Dla Dwojga (z HBO);650;30;650;M Box;184;184;SMART M - 84 kanały, HBO;cena z rabatem za e-fakturę;1;1;184.46;2;24;189.45;;;
53;CHOPIN;24;24;Dla Dwojga (z CANAL+ Seriale i Filmy i HBO);650;30;650;M Box;184;184;SMART M - 84 kanały, CANAL+ Seriale i Filmy, HBO;cena z rabatem za e-fakturę;1;1;209.46;2;24;214.45;;;
54;CHOPIN;24;24;Dla Dwojga (z CANAL+ Super Sport i HBO);650;30;650;M Box;184;184;SMART M - 84 kanały, CANAL+ Super Sport, HBO;cena z rabatem za e-fakturę;1;1;249.46;2;24;254.45;;;
55;CHOPIN;24;24;Dla Dwojga (z CANAL+ Seriale i Filmy);650;30;650;L Box;236;236;SMART L - 136 kanałów, CANAL+ Seriale i Filmy;cena z rabatem za e-fakturę;1;1;195.56;2;24;200.55;;;
56;CHOPIN;24;24;Dla Dwojga (z CANAL+ Super Sport);650;30;650;L Box;236;236;SMART L - 136 kanałów, CANAL+ Super Sport;cena z rabatem za e-fakturę;1;1;235.56;2;24;240.55;;;
57;CHOPIN;24;24;Dla Dwojga (z HBO);650;30;650;L Box;236;236;SMART L - 136 kanałów, HBO;cena z rabatem za e-fakturę;1;1;212.46;2;24;217.45;;;
58;CHOPIN;24;24;Dla Dwojga (z CANAL+ Seriale i Filmy i HBO);650;30;650;L Box;236;236;SMART L - 136 kanałów, CANAL+ Seriale i Filmy, HBO;cena z rabatem za e-fakturę;1;1;235.46;2;24;240.45;;;
59;CHOPIN;24;24;Dla Dwojga (z CANAL+ Super Sport i HBO);650;30;650;L Box;236;236;SMART L - 136 kanałów, CANAL+ Super Sport, HBO;cena z rabatem za e-fakturę;1;1;275.46;2;24;280.45;;;
60;CHOPIN;24;24;Dla Dwojga;650;30;650;XXL Box;256;256;SMART L - 136 kanałów;cena z rabatem za e-fakturę;1;1;256.56;2;24;261.55;;;
61;CHOPIN;24;24;Dla Dwojga (z CANAL+ Seriale i Filmy);800;40;800;Start Box;129;129;SMART M - 84 kanały, CANAL+ Seriale i Filmy;cena z rabatem za e-fakturę;1;1;179.56;2;24;184.55;;;
62;CHOPIN;24;24;Dla Dwojga (z CANAL+ Super Sport);800;40;800;Start Box;129;129;SMART M - 84 kanały, CANAL+ Super Sport;cena z rabatem za e-fakturę;1;1;219.56;2;24;224.55;;;
63;CHOPIN;24;24;Dla Dwojga (z HBO);800;40;800;Start Box;129;129;SMART M - 84 kanały, HBO;cena z rabatem za e-fakturę;1;1;194.46;2;24;199.45;;;
64;CHOPIN;24;24;Dla Dwojga (z CANAL+ Seriale i Filmy i HBO);800;40;800;Start Box;129;129;SMART M - 84 kanały, CANAL+ Seriale i Filmy, HBO;cena z rabatem za e-fakturę;1;1;219.46;2;24;224.45;;;
65;CHOPIN;24;24;Dla Dwojga (z CANAL+ Super Sport i HBO);800;40;800;Start Box;129;129;SMART M - 84 kanały, CANAL+ Super Sport, HBO;cena z rabatem za e-fakturę;1;1;265.46;2;24;264.45;;;
66;CHOPIN;24;24;Dla Dwojga (z CANAL+ Seriale i Filmy);800;40;800;M Box;184;184;SMART M - 84 kanały, CANAL+ Seriale i Filmy;cena z rabatem za e-fakturę;1;1;205.56;2;24;210.55;;;
67;CHOPIN;24;24;Dla Dwojga (z CANAL+ Super Sport);800;40;800;M Box;184;184;SMART M - 84 kanały, CANAL+ Super Sport;cena z rabatem za e-fakturę;1;1;245.56;2;24;250.55;;;
68;CHOPIN;24;24;Dla Dwojga (z HBO);800;40;800;M Box;184;184;SMART M - 84 kanały, HBO;cena z rabatem za e-fakturę;1;1;220.46;2;24;225.45;;;
69;CHOPIN;24;24;Dla Dwojga (z CANAL+ Seriale i Filmy i HBO);800;40;800;M Box;184;184;SMART M - 84 kanały, CANAL+ Seriale i Filmy, HBO;cena z rabatem za e-fakturę;1;1;245.46;2;24;250.45;;;
70;CHOPIN;24;24;Dla Dwojga (z CANAL+ Super Sport i HBO);800;40;800;M Box;184;184;SMART M - 84 kanały, CANAL+ Super Sport, HBO;cena z rabatem za e-fakturę;1;1;285.46;2;24;290.45;;;
71;CHOPIN;24;24;Dla Dwojga (z CANAL+ Seriale i Filmy);800;40;800;L Box;236;236;SMART L - 136 kanałów, CANAL+ Seriale i Filmy;cena z rabatem za e-fakturę;1;1;231.56;2;24;236.55;;;
72;CHOPIN;24;24;Dla Dwojga (z CANAL+ Super Sport);800;40;800;L Box;236;236;SMART L - 136 kanałów, CANAL+ Super Sport;cena z rabatem za e-fakturę;1;1;271.56;2;24;276.55;;;
73;CHOPIN;24;24;Dla Dwojga (z HBO);800;40;800;L Box;236;236;SMART L - 136 kanałów, HBO;cena z rabatem za e-fakturę;1;1;248.46;2;24;253.45;;;
74;CHOPIN;24;24;Dla Dwojga (z CANAL+ Seriale i Filmy i HBO);800;40;800;L Box;236;236;SMART L - 136 kanałów, CANAL+ Seriale i Filmy, HBO;cena z rabatem za e-fakturę;1;1;271.46;2;24;276.45;;;
75;CHOPIN;24;24;Dla Dwojga (z CANAL+ Super Sport i HBO);800;40;800;L Box;236;236;SMART L - 136 kanałów, CANAL+ Super Sport, HBO;cena z rabatem za e-fakturę;1;1;311.46;2;24;316.45;;;
76;CHOPIN;24;24;Dla Dwojga;800;40;800;XXL Box;256;256;SMART L - 136 kanałów;cena z rabatem za e-fakturę;1;1;292.56;2;24;297.55;;;
77;CHOPIN;12;12;Super Box;120;10;120;Start Box;129;129;SMART M - 84 kanały;"dostępny dla Klientów posiadających 
legitymację emeryta / rencisty
, cena z rabatem za e-fakturę";1;1;124.56;2;12;129.55;;;
78;CHOPIN;12;12;Super Box;120;10;120;M Box;184;184;SMART M - 84 kanały;"dostępny dla Klientów posiadających 
legitymację emeryta / rencisty
, cena z rabatem za e-fakturę";1;1;158.56;2;12;163.55;;;
79;CHOPIN;12;12;Super Box;120;10;120;L Box;236;236;SMART L - 136 kanałów;"dostępny dla Klientów posiadających 
legitymację emeryta / rencisty
, cena z rabatem za e-fakturę";1;1;183.56;2;12;188.55;;;
80;CHOPIN;12;12;Super Box;120;10;120;XXL Box;256;256;SMART L - 136 kanałów;"dostępny dla Klientów posiadających 
legitymację emeryta / rencisty
, cena z rabatem za e-fakturę";1;1;269.56;2;12;274.55;;;
81;CHOPIN;12;12;Super Box;300;15;300;Start Box;129;129;SMART M - 84 kanały;cena z rabatem za e-fakturę;1;1;140.56;2;12;145.55;;;
82;CHOPIN;12;12;Super Box;300;15;300;M Box;184;184;SMART M - 84 kanały;cena z rabatem za e-fakturę;1;1;174.56;2;12;179.55;;;
83;CHOPIN;12;12;Super Box;300;15;300;L Box;236;236;SMART L - 136 kanałów;cena z rabatem za e-fakturę;1;1;199.56;2;12;204.55;;;
84;CHOPIN;12;12;Super Box;300;15;300;XXL Box;256;256;SMART L - 136 kanałów;cena z rabatem za e-fakturę;1;1;285.56;2;12;290.55;;;
85;CHOPIN;12;12;Super Box;650;30;650;Start Box;129;129;SMART M - 84 kanały;cena z rabatem za e-fakturę;1;1;145.56;2;12;150.55;;;
86;CHOPIN;12;12;Super Box;650;30;650;M Box;184;184;SMART M - 84 kanały;cena z rabatem za e-fakturę;1;1;179.56;2;12;184.55;;;
87;CHOPIN;12;12;Super Box;650;30;650;L Box;236;236;SMART L - 136 kanałów;cena z rabatem za e-fakturę;1;1;204.56;2;12;209.55;;;
88;CHOPIN;12;12;Super Box;650;30;650;XXL Box;256;256;SMART L - 136 kanałów;cena z rabatem za e-fakturę;1;1;290.56;2;12;295.55;;;
89;CHOPIN;12;12;Super Box;800;40;800;Start Box;129;129;SMART M - 84 kanały;cena z rabatem za e-fakturę;1;1;176.56;2;12;181.55;;;
90;CHOPIN;12;12;Super Box;800;40;800;M Box;184;184;SMART M - 84 kanały;cena z rabatem za e-fakturę;1;1;210.56;2;12;215.55;;;
91;CHOPIN;12;12;Super Box;800;40;800;L Box;236;236;SMART L - 136 kanałów;cena z rabatem za e-fakturę;1;1;235.56;2;12;240.55;;;
92;CHOPIN;12;12;Super Box;800;40;800;XXL Box;256;256;SMART L - 136 kanałów;cena z rabatem za e-fakturę;1;1;321.56;2;12;326.55;;;
93;CHOPIN;24;24;Super Box;120;10;120;Start Box;129;129;SMART M - 84 kanały;cena z rabatem za e-fakturę;1;1;119.56;2;24;124.55;;;
94;CHOPIN;24;24;Super Box;120;10;120;M Box;184;184;SMART M - 84 kanały;cena z rabatem za e-fakturę;1;1;148.56;2;24;153.55;;;
95;CHOPIN;24;24;Super Box;120;10;120;L Box;236;236;SMART L - 136 kanałów;cena z rabatem za e-fakturę;1;1;173.56;2;24;178.55;;;
96;CHOPIN;24;24;Super Box;120;10;120;XXL Box;256;256;SMART L - 136 kanałów;cena z rabatem za e-fakturę;1;1;259.56;2;24;264.55;;;
97;CHOPIN;24;24;Super Box;300;15;300;Start Box;129;129;SMART M - 84 kanały;cena z rabatem za e-fakturę;1;1;135.56;2;24;140.55;;;
98;CHOPIN;24;24;Super Box;300;15;300;M Box;184;184;SMART M - 84 kanały;cena z rabatem za e-fakturę;1;1;164.56;2;24;169.55;;;
99;CHOPIN;24;24;Super Box;300;15;300;L Box;236;236;SMART L - 136 kanałów;cena z rabatem za e-fakturę;1;1;189.56;2;24;194.55;;;
100;CHOPIN;24;24;Super Box;300;15;300;XXL Box;256;256;SMART L - 136 kanałów;cena z rabatem za e-fakturę;1;1;275.56;2;24;280.55;;;
101;CHOPIN;24;24;Super Box;650;30;650;Start Box;129;129;SMART M - 84 kanały;cena z rabatem za e-fakturę;1;1;140.56;2;24;145.55;;;
102;CHOPIN;24;24;Super Box;650;30;650;M Box;184;184;SMART M - 84 kanały;cena z rabatem za e-fakturę;1;1;169.56;2;24;174.55;;;
103;CHOPIN;24;24;Super Box;650;30;650;L Box;236;236;SMART L - 136 kanałów;cena z rabatem za e-fakturę;1;1;194.56;2;24;199.55;;;
104;CHOPIN;24;24;Super Box;650;30;650;XXL Box;256;256;SMART L - 136 kanałów;cena z rabatem za e-fakturę;1;1;280.56;2;24;285.55;;;
105;CHOPIN;24;24;Super Box;800;40;800;Start Box;129;129;SMART M - 84 kanały;cena z rabatem za e-fakturę;1;1;171.56;2;24;176.55;;;
106;CHOPIN;24;24;Super Box;800;40;800;M Box;184;184;SMART M - 84 kanały;cena z rabatem za e-fakturę;1;1;200.56;2;24;205.55;;;
107;CHOPIN;24;24;Super Box;800;40;800;L Box;236;236;SMART L - 136 kanałów;cena z rabatem za e-fakturę;1;1;225.56;2;24;230.55;;;
108;CHOPIN;24;24;Super Box;800;40;800;XXL Box;256;256;SMART L - 136 kanałów;cena z rabatem za e-fakturę;1;1;311.56;2;24;316.55;;;
109;CHOPIN;12;12;Trzymaj z nami;120;10;120;Start Box;129;129;SMART M - 84 kanały;"dostępny dla Klientów posiadających 
legitymację emeryta / rencisty
, cena z rabatem za e-fakturę";1;1;120.56;2;12;125.55;;;
110;CHOPIN;12;12;Trzymaj z nami;120;10;120;M Box;184;184;SMART M - 84 kanały;"dostępny dla Klientów posiadających 
legitymację emeryta / rencisty
, cena z rabatem za e-fakturę";1;1;147.56;2;12;152.55;;;
111;CHOPIN;12;12;Trzymaj z nami;120;10;120;L Box;236;236;SMART L - 136 kanałów;"dostępny dla Klientów posiadających 
legitymację emeryta / rencisty
, cena z rabatem za e-fakturę";1;1;173.56;2;12;178.55;;;
112;CHOPIN;12;12;Trzymaj z nami;120;10;120;XXL Box;256;256;SMART L - 136 kanałów;"dostępny dla Klientów posiadających 
legitymację emeryta / rencisty
, cena z rabatem za e-fakturę";1;1;259.56;2;12;264.55;;;
113;CHOPIN;12;12;Trzymaj z nami;300;15;300;Start Box;129;129;SMART M - 84 kanały;cena z rabatem za e-fakturę;1;1;139.56;2;12;144.55;;;
114;CHOPIN;12;12;Trzymaj z nami;300;15;300;M Box;184;184;SMART M - 84 kanały;cena z rabatem za e-fakturę;1;1;166.56;2;12;171.55;;;
115;CHOPIN;12;12;Trzymaj z nami;300;15;300;L Box;236;236;SMART L - 136 kanałów;cena z rabatem za e-fakturę;1;1;192.56;2;12;197.55;;;
116;CHOPIN;12;12;Trzymaj z nami;300;15;300;XXL Box;256;256;SMART L - 136 kanałów;cena z rabatem za e-fakturę;1;1;278.56;2;12;283.55;;;
117;CHOPIN;12;12;Trzymaj z nami;650;30;650;Start Box;129;129;SMART M - 84 kanały;cena z rabatem za e-fakturę;1;1;144.56;2;12;149.55;;;
118;CHOPIN;12;12;Trzymaj z nami;650;30;650;M Box;184;184;SMART M - 84 kanały;cena z rabatem za e-fakturę;1;1;171.56;2;12;176.55;;;
119;CHOPIN;12;12;Trzymaj z nami;650;30;650;L Box;236;236;SMART L - 136 kanałów;cena z rabatem za e-fakturę;1;1;197.56;2;12;202.55;;;
120;CHOPIN;12;12;Trzymaj z nami;650;30;650;XXL Box;256;256;SMART L - 136 kanałów;cena z rabatem za e-fakturę;1;1;283.56;2;12;288.55;;;
121;CHOPIN;12;12;Trzymaj z nami;800;40;800;Start Box;129;129;SMART M - 84 kanały;cena z rabatem za e-fakturę;1;1;180.56;2;12;185.55;;;
122;CHOPIN;12;12;Trzymaj z nami;800;40;800;M Box;184;184;SMART M - 84 kanały;cena z rabatem za e-fakturę;1;1;207.56;2;12;212.55;;;
123;CHOPIN;12;12;Trzymaj z nami;800;40;800;L Box;236;236;SMART L - 136 kanałów;cena z rabatem za e-fakturę;1;1;233.56;2;12;238.55;;;
124;CHOPIN;12;12;Trzymaj z nami;800;40;800;XXL Box;256;256;SMART L - 136 kanałów;cena z rabatem za e-fakturę;1;1;319.56;2;12;324.55;;;
125;CHOPIN;24;24;Trzymaj z nami;120;10;120;Start Box;129;129;SMART M - 84 kanały;cena z rabatem za e-fakturę;1;1;111.56;2;24;116.55;;;
126;CHOPIN;24;24;Trzymaj z nami;120;10;120;M Box;184;184;SMART M - 84 kanały;cena z rabatem za e-fakturę;1;1;137.56;2;24;142.55;;;
127;CHOPIN;24;24;Trzymaj z nami;120;10;120;L Box;236;236;SMART L - 136 kanałów;cena z rabatem za e-fakturę;1;1;163.56;2;24;168.55;;;
128;CHOPIN;24;24;Trzymaj z nami;120;10;120;XXL Box;256;256;SMART L - 136 kanałów;cena z rabatem za e-fakturę;1;1;249.56;2;24;254.55;;;
129;CHOPIN;24;24;Trzymaj z nami;300;15;300;Start Box;129;129;SMART M - 84 kanały;cena z rabatem za e-fakturę;1;1;130.56;2;24;135.55;;;
130;CHOPIN;24;24;Trzymaj z nami;300;15;300;M Box;184;184;SMART M - 84 kanały;cena z rabatem za e-fakturę;1;1;156.56;2;24;161.55;;;
131;CHOPIN;24;24;Trzymaj z nami;300;15;300;L Box;236;236;SMART L - 136 kanałów;cena z rabatem za e-fakturę;1;1;182.56;2;24;187.55;;;
132;CHOPIN;24;24;Trzymaj z nami;300;15;300;XXL Box;256;256;SMART L - 136 kanałów;cena z rabatem za e-fakturę;1;1;268.56;2;24;273.55;;;
133;CHOPIN;24;24;Trzymaj z nami;650;30;650;Start Box;129;129;SMART M - 84 kanały;cena z rabatem za e-fakturę;1;1;135.56;2;24;140.55;;;
134;CHOPIN;24;24;Trzymaj z nami;650;30;650;M Box;184;184;SMART M - 84 kanały;cena z rabatem za e-fakturę;1;1;161.56;2;24;166.55;;;
135;CHOPIN;24;24;Trzymaj z nami;650;30;650;L Box;236;236;SMART L - 136 kanałów;cena z rabatem za e-fakturę;1;1;187.56;2;24;192.55;;;
136;CHOPIN;24;24;Trzymaj z nami;650;30;650;XXL Box;256;256;SMART L - 136 kanałów;cena z rabatem za e-fakturę;1;1;273.56;2;24;278.55;;;
137;CHOPIN;24;24;Trzymaj z nami;800;40;800;Start Box;129;129;SMART M - 84 kanały;cena z rabatem za e-fakturę;1;1;171.56;2;24;176.55;;;
138;CHOPIN;24;24;Trzymaj z nami;800;40;800;M Box;184;184;SMART M - 84 kanały;cena z rabatem za e-fakturę;1;1;197.56;2;24;202.55;;;
139;CHOPIN;24;24;Trzymaj z nami;800;40;800;L Box;236;236;SMART L - 136 kanałów;cena z rabatem za e-fakturę;1;1;223.56;2;24;228.55;;;
140;CHOPIN;24;24;Trzymaj z nami;800;40;800;XXL Box;256;256;SMART L - 136 kanałów;cena z rabatem za e-fakturę;1;1;309.56;2;24;314.55;;;
141;CHOPIN;12;12;STOP EXTRA NET I TV;300;15;300;Start Box;129;129;;cena z rabatem za e-fakturę;1;12;61.33;;;;;;
142;CHOPIN;12;12;STOP EXTRA NET I TV;300;15;300;M Box;184;184;;cena z rabatem za e-fakturę;1;12;86.19;;;;;;
143;CHOPIN;12;12;STOP EXTRA NET I TV;650;30;650;L Box;236;236;;cena z rabatem za e-fakturę;1;12;67.54;;;;;;
144;CHOPIN;12;12;STOP EXTRA NET I TV;650;30;650;XXL Box;256;256;;cena z rabatem za e-fakturę;1;12;92.40;;;;;;
145;PELMAR;24;24;Oferta letnia;300;15;300;Start Box;128;129;SMART M - 84 kanały;cena z rabatem za e-fakturę;1;24;74.99;;;;;;
146;PELMAR;24;24;Oferta letnia (z CANAL+ Seriale i Filmy);300;15;300;Start Box;128;129;SMART M - 84 kanały, CANAL+ Seriale i Filmy;cena z rabatem za e-fakturę;1;24;84.99;;;;;;
147;PELMAR;24;24;Oferta letnia (z CANAL+ Super Sport);300;15;300;Start Box;128;129;SMART M - 84 kanały, CANAL+ Super Sport;cena z rabatem za e-fakturę;1;24;124.99;;;;;;
148;PELMAR;24;24;Oferta letnia;650;30;650;Start Box;128;129;SMART M - 84 kanały;cena z rabatem za e-fakturę;1;24;89.99;;;;;;
149;PELMAR;24;24;Oferta letnia (z CANAL+ Seriale i Filmy);650;30;650;Start Box;128;129;SMART M - 84 kanały, CANAL+ Seriale i Filmy;cena z rabatem za e-fakturę;1;24;99.99;;;;;;
150;PELMAR;24;24;Oferta letnia (z CANAL+ Super Sport);650;30;650;Start Box;128;129;SMART M - 84 kanały, CANAL+ Super Sport;cena z rabatem za e-fakturę;1;24;139.99;;;;;;
151;PELMAR;24;24;Oferta letnia;800;40;800;Start Box;128;129;SMART M - 84 kanały;cena z rabatem za e-fakturę;1;24;104.99;;;;;;
152;PELMAR;24;24;Oferta letnia (z CANAL+ Seriale i Filmy);800;40;800;Start Box;128;129;SMART M - 84 kanały, CANAL+ Seriale i Filmy;cena z rabatem za e-fakturę;1;24;114.99;;;;;;
153;PELMAR;24;24;Oferta letnia (z CANAL+ Super Sport);800;40;800;Start Box;128;129;SMART M - 84 kanały, CANAL+ Super Sport;cena z rabatem za e-fakturę;1;24;154.99;;;;;;
154;PELMAR;24;24;Blue Box + Net;300;15;300;Blue Box;57;57;SMART TV - 57 kanałów;cena z rabatem za e-fakturę;1;3;0.00;4;24;83.69;;;
155;PELMAR;24;24;Blue Box + Net;650;30;650;Blue Box;57;57;SMART TV - 57 kanałów;cena z rabatem za e-fakturę;1;3;0.00;4;24;93.69;;;
156;PELMAR;24;24;Blue Box + Net;800;40;800;Blue Box;57;57;SMART TV - 57 kanałów;cena z rabatem za e-fakturę;1;3;0.00;4;24;103.69;;;
157;PELMAR;24;24;Dla Dwojga (z CANAL+ Seriale i Filmy);120;10;120;Start Box;128;129;SMART M - 84 kanały, CANAL+ Seriale i Filmy;"dostępny dla Klientów posiadających 
legitymację emeryta / rencisty
, cena z rabatem za e-fakturę";1;1;133.56;2;24;138.55;;;
158;PELMAR;24;24;Dla Dwojga (z CANAL+ Super Sport);120;10;120;Start Box;128;129;SMART M - 84 kanały, CANAL+ Super Sport;"dostępny dla Klientów posiadających 
legitymację emeryta / rencisty
, cena z rabatem za e-fakturę";1;1;173.56;2;24;178.55;;;
159;PELMAR;24;24;Dla Dwojga (z HBO);120;10;120;Start Box;128;129;SMART M - 84 kanały, HBO;"dostępny dla Klientów posiadających 
legitymację emeryta / rencisty
, cena z rabatem za e-fakturę";1;1;148.46;2;24;153.45;;;
160;PELMAR;24;24;Dla Dwojga (z CANAL+ Seriale i Filmy i HBO);120;10;120;Start Box;128;129;SMART M - 84 kanały, CANAL+ Seriale i Filmy, HBO;"dostępny dla Klientów posiadających 
legitymację emeryta / rencisty
, cena z rabatem za e-fakturę";1;1;173.46;2;24;178.45;;;
161;PELMAR;24;24;Dla Dwojga (z CANAL+ Super Sport i HBO);120;10;120;Start Box;128;129;SMART M - 84 kanały, CANAL+ Super Sport, HBO;"dostępny dla Klientów posiadających 
legitymację emeryta / rencisty
, cena z rabatem za e-fakturę";1;1;213.46;2;24;218.45;;;
162;PELMAR;24;24;Dla Dwojga (z CANAL+ Seriale i Filmy);120;10;120;M Box;183;184;SMART M - 84 kanały, CANAL+ Seriale i Filmy;"dostępny dla Klientów posiadających 
legitymację emeryta / rencisty
, cena z rabatem za e-fakturę";1;1;159.56;2;24;164.55;;;
163;PELMAR;24;24;Dla Dwojga (z CANAL+ Super Sport);120;10;120;M Box;183;184;SMART M - 84 kanały, CANAL+ Super Sport;"dostępny dla Klientów posiadających 
legitymację emeryta / rencisty
, cena z rabatem za e-fakturę";1;1;199.56;2;24;204.55;;;
164;PELMAR;24;24;Dla Dwojga (z HBO);120;10;120;M Box;183;184;SMART M - 84 kanały, HBO;"dostępny dla Klientów posiadających 
legitymację emeryta / rencisty
, cena z rabatem za e-fakturę";1;1;174.46;2;24;179.45;;;
165;PELMAR;24;24;Dla Dwojga (z CANAL+ Seriale i Filmy i HBO);120;10;120;M Box;183;184;SMART M - 84 kanały, CANAL+ Seriale i Filmy, HBO;"dostępny dla Klientów posiadających 
legitymację emeryta / rencisty
, cena z rabatem za e-fakturę";1;1;199.46;2;24;204.45;;;
166;PELMAR;24;24;Dla Dwojga (z CANAL+ Super Sport i HBO);120;10;120;M Box;183;184;SMART M - 84 kanały, CANAL+ Super Sport, HBO;"dostępny dla Klientów posiadających 
legitymację emeryta / rencisty
, cena z rabatem za e-fakturę";1;1;239.46;2;24;244.45;;;
167;PELMAR;24;24;Dla Dwojga (z CANAL+ Seriale i Filmy);120;10;120;L Box;235;236;SMART L - 136 kanałów, CANAL+ Seriale i Filmy;"dostępny dla Klientów posiadających 
legitymację emeryta / rencisty
, cena z rabatem za e-fakturę";1;1;185.56;2;24;190.55;;;
168;PELMAR;24;24;Dla Dwojga (z CANAL+ Super Sport);120;10;120;L Box;235;236;SMART L - 136 kanałów, CANAL+ Super Sport;"dostępny dla Klientów posiadających 
legitymację emeryta / rencisty
, cena z rabatem za e-fakturę";1;1;225.56;2;24;230.55;;;
169;PELMAR;24;24;Dla Dwojga (z HBO);120;10;120;L Box;235;236;SMART L - 136 kanałów, HBO;"dostępny dla Klientów posiadających 
legitymację emeryta / rencisty
, cena z rabatem za e-fakturę";1;1;202.46;2;24;207.45;;;
170;PELMAR;24;24;Dla Dwojga (z CANAL+ Seriale i Filmy i HBO);120;10;120;L Box;235;236;SMART L - 136 kanałów, CANAL+ Seriale i Filmy, HBO;"dostępny dla Klientów posiadających 
legitymację emeryta / rencisty
, cena z rabatem za e-fakturę";1;1;225.46;2;24;230.45;;;
171;PELMAR;24;24;Dla Dwojga (z CANAL+ Super Sport i HBO);120;10;120;L Box;235;236;SMART L - 136 kanałów, CANAL+ Super Sport, HBO;"dostępny dla Klientów posiadających 
legitymację emeryta / rencisty
, cena z rabatem za e-fakturę";1;1;265.46;2;24;270.45;;;
172;PELMAR;24;24;Dla Dwojga;120;10;120;XXL Box;255;256;SMART L - 136 kanałów;"dostępny dla Klientów posiadających 
legitymację emeryta / rencisty
, cena z rabatem za e-fakturę";1;1;246.56;2;24;251.55;;;
173;PELMAR;24;24;Dla Dwojga (z CANAL+ Seriale i Filmy);300;15;300;Start Box;128;129;SMART M - 84 kanały, CANAL+ Seriale i Filmy;cena z rabatem za e-fakturę;1;1;138.56;2;24;143.55;;;
174;PELMAR;24;24;Dla Dwojga (z CANAL+ Super Sport);300;15;300;Start Box;128;129;SMART M - 84 kanały, CANAL+ Super Sport;cena z rabatem za e-fakturę;1;1;178.56;2;24;183.55;;;
175;PELMAR;24;24;Dla Dwojga (z HBO);300;15;300;Start Box;128;129;SMART M - 84 kanały, HBO;cena z rabatem za e-fakturę;1;1;153.46;2;24;158.45;;;
176;PELMAR;24;24;Dla Dwojga (z CANAL+ Seriale i Filmy i HBO);300;15;300;Start Box;128;129;SMART M - 84 kanały, CANAL+ Seriale i Filmy, HBO;cena z rabatem za e-fakturę;1;1;178.46;2;24;183.45;;;
177;PELMAR;24;24;Dla Dwojga (z CANAL+ Super Sport i HBO);300;15;300;Start Box;128;129;SMART M - 84 kanały, CANAL+ Super Sport, HBO;cena z rabatem za e-fakturę;1;1;218.46;2;24;223.45;;;
178;PELMAR;24;24;Dla Dwojga (z CANAL+ Seriale i Filmy);300;15;300;M Box;183;184;SMART M - 84 kanały, CANAL+ Seriale i Filmy;cena z rabatem za e-fakturę;1;1;164.56;2;24;169.55;;;
179;PELMAR;24;24;Dla Dwojga (z CANAL+ Super Sport);300;15;300;M Box;183;184;SMART M - 84 kanały, CANAL+ Super Sport;cena z rabatem za e-fakturę;1;1;204.56;2;24;209.55;;;
180;PELMAR;24;24;Dla Dwojga (z HBO);300;15;300;M Box;183;184;SMART M - 84 kanały, HBO;cena z rabatem za e-fakturę;1;1;179.46;2;24;184.45;;;
181;PELMAR;24;24;Dla Dwojga (z CANAL+ Seriale i Filmy i HBO);300;15;300;M Box;183;184;SMART M - 84 kanały, CANAL+ Seriale i Filmy, HBO;cena z rabatem za e-fakturę;1;1;204.46;2;24;209.45;;;
182;PELMAR;24;24;Dla Dwojga (z CANAL+ Super Sport i HBO);300;15;300;M Box;183;184;SMART M - 84 kanały, CANAL+ Super Sport, HBO;cena z rabatem za e-fakturę;1;1;244.46;2;24;249.45;;;
183;PELMAR;24;24;Dla Dwojga (z CANAL+ Seriale i Filmy);300;15;300;L Box;235;236;SMART L - 136 kanałów, CANAL+ Seriale i Filmy;cena z rabatem za e-fakturę;1;1;189.56;2;24;195.55;;;
184;PELMAR;24;24;Dla Dwojga (z CANAL+ Super Sport);300;15;300;L Box;235;236;SMART L - 136 kanałów, CANAL+ Super Sport;cena z rabatem za e-fakturę;1;1;230.56;2;24;235.55;;;
185;PELMAR;24;24;Dla Dwojga (z HBO);300;15;300;L Box;235;236;SMART L - 136 kanałów, HBO;cena z rabatem za e-fakturę;1;1;207.46;2;24;212.45;;;
186;PELMAR;24;24;Dla Dwojga (z CANAL+ Seriale i Filmy i HBO);300;15;300;L Box;235;236;SMART L - 136 kanałów, CANAL+ Seriale i Filmy, HBO;cena z rabatem za e-fakturę;1;1;230.46;2;24;235.45;;;
187;PELMAR;24;24;Dla Dwojga (z CANAL+ Super Sport i HBO);300;15;300;L Box;235;236;SMART L - 136 kanałów, CANAL+ Super Sport, HBO;cena z rabatem za e-fakturę;1;1;270.46;2;24;275.45;;;
188;PELMAR;24;24;Dla Dwojga;300;15;300;XXL Box;255;256;SMART L - 136 kanałów;cena z rabatem za e-fakturę;1;1;251.56;2;24;256.55;;;
189;PELMAR;24;24;Dla Dwojga (z CANAL+ Seriale i Filmy);650;30;650;Start Box;128;129;SMART M - 84 kanały, CANAL+ Seriale i Filmy;cena z rabatem za e-fakturę;1;1;143.56;2;24;148.55;;;
190;PELMAR;24;24;Dla Dwojga (z CANAL+ Super Sport);650;30;650;Start Box;128;129;SMART M - 84 kanały, CANAL+ Super Sport;cena z rabatem za e-fakturę;1;1;183.56;2;24;188.55;;;
191;PELMAR;24;24;Dla Dwojga (z HBO);650;30;650;Start Box;128;129;SMART M - 84 kanały, HBO;cena z rabatem za e-fakturę;1;1;158.46;2;24;163.45;;;
192;PELMAR;24;24;Dla Dwojga (z CANAL+ Seriale i Filmy i HBO);650;30;650;Start Box;128;129;SMART M - 84 kanały, CANAL+ Seriale i Filmy, HBO;cena z rabatem za e-fakturę;1;1;183.46;2;24;188.45;;;
193;PELMAR;24;24;Dla Dwojga (z CANAL+ Super Sport i HBO);650;30;650;Start Box;128;129;SMART M - 84 kanały, CANAL+ Super Sport, HBO;cena z rabatem za e-fakturę;1;1;223.46;2;24;228.45;;;
194;PELMAR;24;24;Dla Dwojga (z CANAL+ Seriale i Filmy);650;30;650;M Box;183;184;SMART M - 84 kanały, CANAL+ Seriale i Filmy;cena z rabatem za e-fakturę;1;1;169.56;2;24;174.55;;;
195;PELMAR;24;24;Dla Dwojga (z CANAL+ Super Sport);650;30;650;M Box;183;184;SMART M - 84 kanały, CANAL+ Super Sport;cena z rabatem za e-fakturę;1;1;209.56;2;24;214.55;;;
196;PELMAR;24;24;Dla Dwojga (z HBO);650;30;650;M Box;183;184;SMART M - 84 kanały, HBO;cena z rabatem za e-fakturę;1;1;184.46;2;24;189.45;;;
197;PELMAR;24;24;Dla Dwojga (z CANAL+ Seriale i Filmy i HBO);650;30;650;M Box;183;184;SMART M - 84 kanały, CANAL+ Seriale i Filmy, HBO;cena z rabatem za e-fakturę;1;1;209.46;2;24;214.45;;;
198;PELMAR;24;24;Dla Dwojga (z CANAL+ Super Sport i HBO);650;30;650;M Box;183;184;SMART M - 84 kanały, CANAL+ Super Sport, HBO;cena z rabatem za e-fakturę;1;1;249.46;2;24;254.45;;;
199;PELMAR;24;24;Dla Dwojga (z CANAL+ Seriale i Filmy);650;30;650;L Box;235;236;SMART L - 136 kanałów, CANAL+ Seriale i Filmy;cena z rabatem za e-fakturę;1;1;195.56;2;24;200.55;;;
200;PELMAR;24;24;Dla Dwojga (z CANAL+ Super Sport);650;30;650;L Box;235;236;SMART L - 136 kanałów, CANAL+ Super Sport;cena z rabatem za e-fakturę;1;1;235.56;2;24;240.55;;;
201;PELMAR;24;24;Dla Dwojga (z HBO);650;30;650;L Box;235;236;SMART L - 136 kanałów, HBO;cena z rabatem za e-fakturę;1;1;212.46;2;24;217.45;;;
202;PELMAR;24;24;Dla Dwojga (z CANAL+ Seriale i Filmy i HBO);650;30;650;L Box;235;236;SMART L - 136 kanałów, CANAL+ Seriale i Filmy, HBO;cena z rabatem za e-fakturę;1;1;235.46;2;24;240.45;;;
203;PELMAR;24;24;Dla Dwojga (z CANAL+ Super Sport i HBO);650;30;650;L Box;235;236;SMART L - 136 kanałów, CANAL+ Super Sport, HBO;cena z rabatem za e-fakturę;1;1;275.46;2;24;280.45;;;
204;PELMAR;24;24;Dla Dwojga;650;30;650;XXL Box;255;256;SMART L - 136 kanałów;cena z rabatem za e-fakturę;1;1;256.56;2;24;261.55;;;
205;PELMAR;24;24;Dla Dwojga (z CANAL+ Seriale i Filmy);800;40;800;Start Box;128;129;SMART M - 84 kanały, CANAL+ Seriale i Filmy;cena z rabatem za e-fakturę;1;1;179.56;2;24;184.55;;;
206;PELMAR;24;24;Dla Dwojga (z CANAL+ Super Sport);800;40;800;Start Box;128;129;SMART M - 84 kanały, CANAL+ Super Sport;cena z rabatem za e-fakturę;1;1;219.56;2;24;224.55;;;
207;PELMAR;24;24;Dla Dwojga (z HBO);800;40;800;Start Box;128;129;SMART M - 84 kanały, HBO;cena z rabatem za e-fakturę;1;1;194.46;2;24;199.45;;;
208;PELMAR;24;24;Dla Dwojga (z CANAL+ Seriale i Filmy i HBO);800;40;800;Start Box;128;129;SMART M - 84 kanały, CANAL+ Seriale i Filmy, HBO;cena z rabatem za e-fakturę;1;1;219.46;2;24;224.45;;;
209;PELMAR;24;24;Dla Dwojga (z CANAL+ Super Sport i HBO);800;40;800;Start Box;128;129;SMART M - 84 kanały, CANAL+ Super Sport, HBO;cena z rabatem za e-fakturę;1;1;265.46;2;24;264.45;;;
210;PELMAR;24;24;Dla Dwojga (z CANAL+ Seriale i Filmy);800;40;800;M Box;183;184;SMART M - 84 kanały, CANAL+ Seriale i Filmy;cena z rabatem za e-fakturę;1;1;205.56;2;24;210.55;;;
211;PELMAR;24;24;Dla Dwojga (z CANAL+ Super Sport);800;40;800;M Box;183;184;SMART M - 84 kanały, CANAL+ Super Sport;cena z rabatem za e-fakturę;1;1;245.56;2;24;250.55;;;
212;PELMAR;24;24;Dla Dwojga (z HBO);800;40;800;M Box;183;184;SMART M - 84 kanały, HBO;cena z rabatem za e-fakturę;1;1;220.46;2;24;225.45;;;
213;PELMAR;24;24;Dla Dwojga (z CANAL+ Seriale i Filmy i HBO);800;40;800;M Box;183;184;SMART M - 84 kanały, CANAL+ Seriale i Filmy, HBO;cena z rabatem za e-fakturę;1;1;245.46;2;24;250.45;;;
214;PELMAR;24;24;Dla Dwojga (z CANAL+ Super Sport i HBO);800;40;800;M Box;183;184;SMART M - 84 kanały, CANAL+ Super Sport, HBO;cena z rabatem za e-fakturę;1;1;285.46;2;24;290.45;;;
215;PELMAR;24;24;Dla Dwojga (z CANAL+ Seriale i Filmy);800;40;800;L Box;235;236;SMART L - 136 kanałów, CANAL+ Seriale i Filmy;cena z rabatem za e-fakturę;1;1;231.56;2;24;236.55;;;
216;PELMAR;24;24;Dla Dwojga (z CANAL+ Super Sport);800;40;800;L Box;235;236;SMART L - 136 kanałów, CANAL+ Super Sport;cena z rabatem za e-fakturę;1;1;271.56;2;24;276.55;;;
217;PELMAR;24;24;Dla Dwojga (z HBO);800;40;800;L Box;235;236;SMART L - 136 kanałów, HBO;cena z rabatem za e-fakturę;1;1;248.46;2;24;253.45;;;
218;PELMAR;24;24;Dla Dwojga (z CANAL+ Seriale i Filmy i HBO);800;40;800;L Box;235;236;SMART L - 136 kanałów, CANAL+ Seriale i Filmy, HBO;cena z rabatem za e-fakturę;1;1;271.46;2;24;276.45;;;
219;PELMAR;24;24;Dla Dwojga (z CANAL+ Super Sport i HBO);800;40;800;L Box;235;236;SMART L - 136 kanałów, CANAL+ Super Sport, HBO;cena z rabatem za e-fakturę;1;1;311.46;2;24;316.45;;;
220;PELMAR;24;24;Dla Dwojga;800;40;800;XXL Box;255;256;SMART L - 136 kanałów;cena z rabatem za e-fakturę;1;1;292.56;2;24;297.55;;;
221;PELMAR;12;12;Super Box;120;10;120;Start Box;128;129;SMART M - 84 kanały;"dostępny dla Klientów posiadających 
legitymację emeryta / rencisty
, cena z rabatem za e-fakturę";1;1;124.56;2;12;129.55;;;
222;PELMAR;12;12;Super Box;120;10;120;M Box;183;184;SMART M - 84 kanały;"dostępny dla Klientów posiadających 
legitymację emeryta / rencisty
, cena z rabatem za e-fakturę";1;1;158.56;2;12;163.55;;;
223;PELMAR;12;12;Super Box;120;10;120;L Box;235;236;SMART L - 136 kanałów;"dostępny dla Klientów posiadających 
legitymację emeryta / rencisty
, cena z rabatem za e-fakturę";1;1;183.56;2;12;188.55;;;
224;PELMAR;12;12;Super Box;120;10;120;XXL Box;255;256;SMART L - 136 kanałów;"dostępny dla Klientów posiadających 
legitymację emeryta / rencisty
, cena z rabatem za e-fakturę";1;1;269.56;2;12;274.55;;;
225;PELMAR;12;12;Super Box;300;15;300;Start Box;128;129;SMART M - 84 kanały;cena z rabatem za e-fakturę;1;1;140.56;2;12;145.55;;;
226;PELMAR;12;12;Super Box;300;15;300;M Box;183;184;SMART M - 84 kanały;cena z rabatem za e-fakturę;1;1;174.56;2;12;179.55;;;
227;PELMAR;12;12;Super Box;300;15;300;L Box;235;236;SMART L - 136 kanałów;cena z rabatem za e-fakturę;1;1;199.56;2;12;204.55;;;
228;PELMAR;12;12;Super Box;300;15;300;XXL Box;255;256;SMART L - 136 kanałów;cena z rabatem za e-fakturę;1;1;285.56;2;12;290.55;;;
229;PELMAR;12;12;Super Box;650;30;650;Start Box;128;129;SMART M - 84 kanały;cena z rabatem za e-fakturę;1;1;145.56;2;12;150.55;;;
230;PELMAR;12;12;Super Box;650;30;650;M Box;183;184;SMART M - 84 kanały;cena z rabatem za e-fakturę;1;1;179.56;2;12;184.55;;;
231;PELMAR;12;12;Super Box;650;30;650;L Box;235;236;SMART L - 136 kanałów;cena z rabatem za e-fakturę;1;1;204.56;2;12;209.55;;;
232;PELMAR;12;12;Super Box;650;30;650;XXL Box;255;256;SMART L - 136 kanałów;cena z rabatem za e-fakturę;1;1;290.56;2;12;295.55;;;
233;PELMAR;12;12;Super Box;800;40;800;Start Box;128;129;SMART M - 84 kanały;cena z rabatem za e-fakturę;1;1;176.56;2;12;181.55;;;
234;PELMAR;12;12;Super Box;800;40;800;M Box;183;184;SMART M - 84 kanały;cena z rabatem za e-fakturę;1;1;210.56;2;12;215.55;;;
235;PELMAR;12;12;Super Box;800;40;800;L Box;235;236;SMART L - 136 kanałów;cena z rabatem za e-fakturę;1;1;235.56;2;12;240.55;;;
236;PELMAR;12;12;Super Box;800;40;800;XXL Box;255;256;SMART L - 136 kanałów;cena z rabatem za e-fakturę;1;1;321.56;2;12;326.55;;;
237;PELMAR;24;24;Super Box;120;10;120;Start Box;128;129;SMART M - 84 kanały;cena z rabatem za e-fakturę;1;1;119.56;2;24;124.55;;;
238;PELMAR;24;24;Super Box;120;10;120;M Box;183;184;SMART M - 84 kanały;cena z rabatem za e-fakturę;1;1;148.56;2;24;153.55;;;
239;PELMAR;24;24;Super Box;120;10;120;L Box;235;236;SMART L - 136 kanałów;cena z rabatem za e-fakturę;1;1;173.56;2;24;178.55;;;
240;PELMAR;24;24;Super Box;120;10;120;XXL Box;255;256;SMART L - 136 kanałów;cena z rabatem za e-fakturę;1;1;259.56;2;24;264.55;;;
241;PELMAR;24;24;Super Box;300;15;300;Start Box;128;129;SMART M - 84 kanały;cena z rabatem za e-fakturę;1;1;135.56;2;24;140.55;;;
242;PELMAR;24;24;Super Box;300;15;300;M Box;183;184;SMART M - 84 kanały;cena z rabatem za e-fakturę;1;1;164.56;2;24;169.55;;;
243;PELMAR;24;24;Super Box;300;15;300;L Box;235;236;SMART L - 136 kanałów;cena z rabatem za e-fakturę;1;1;189.56;2;24;194.55;;;
244;PELMAR;24;24;Super Box;300;15;300;XXL Box;255;256;SMART L - 136 kanałów;cena z rabatem za e-fakturę;1;1;275.56;2;24;280.55;;;
245;PELMAR;24;24;Super Box;650;30;650;Start Box;128;129;SMART M - 84 kanały;cena z rabatem za e-fakturę;1;1;140.56;2;24;145.55;;;
246;PELMAR;24;24;Super Box;650;30;650;M Box;183;184;SMART M - 84 kanały;cena z rabatem za e-fakturę;1;1;169.56;2;24;174.55;;;
247;PELMAR;24;24;Super Box;650;30;650;L Box;235;236;SMART L - 136 kanałów;cena z rabatem za e-fakturę;1;1;194.56;2;24;199.55;;;
248;PELMAR;24;24;Super Box;650;30;650;XXL Box;255;256;SMART L - 136 kanałów;cena z rabatem za e-fakturę;1;1;280.56;2;24;285.55;;;
249;PELMAR;24;24;Super Box;800;40;800;Start Box;128;129;SMART M - 84 kanały;cena z rabatem za e-fakturę;1;1;171.56;2;24;176.55;;;
250;PELMAR;24;24;Super Box;800;40;800;M Box;183;184;SMART M - 84 kanały;cena z rabatem za e-fakturę;1;1;200.56;2;24;205.55;;;
251;PELMAR;24;24;Super Box;800;40;800;L Box;235;236;SMART L - 136 kanałów;cena z rabatem za e-fakturę;1;1;225.56;2;24;230.55;;;
252;PELMAR;24;24;Super Box;800;40;800;XXL Box;255;256;SMART L - 136 kanałów;cena z rabatem za e-fakturę;1;1;311.56;2;24;316.55;;;
253;PELMAR;12;12;Trzymaj z nami;120;10;120;Start Box;128;129;SMART M - 84 kanały;"dostępny dla Klientów posiadających 
legitymację emeryta / rencisty
, cena z rabatem za e-fakturę";1;1;120.56;2;12;125.55;;;
254;PELMAR;12;12;Trzymaj z nami;120;10;120;M Box;183;184;SMART M - 84 kanały;"dostępny dla Klientów posiadających 
legitymację emeryta / rencisty
, cena z rabatem za e-fakturę";1;1;147.56;2;12;152.55;;;
255;PELMAR;12;12;Trzymaj z nami;120;10;120;L Box;235;236;SMART L - 136 kanałów;"dostępny dla Klientów posiadających 
legitymację emeryta / rencisty
, cena z rabatem za e-fakturę";1;1;173.56;2;12;178.55;;;
256;PELMAR;12;12;Trzymaj z nami;120;10;120;XXL Box;255;256;SMART L - 136 kanałów;"dostępny dla Klientów posiadających 
legitymację emeryta / rencisty
, cena z rabatem za e-fakturę";1;1;259.56;2;12;264.55;;;
257;PELMAR;12;12;Trzymaj z nami;300;15;300;Start Box;128;129;SMART M - 84 kanały;cena z rabatem za e-fakturę;1;1;139.56;2;12;144.55;;;
258;PELMAR;12;12;Trzymaj z nami;300;15;300;M Box;183;184;SMART M - 84 kanały;cena z rabatem za e-fakturę;1;1;166.56;2;12;171.55;;;
259;PELMAR;12;12;Trzymaj z nami;300;15;300;L Box;235;236;SMART L - 136 kanałów;cena z rabatem za e-fakturę;1;1;192.56;2;12;197.55;;;
260;PELMAR;12;12;Trzymaj z nami;300;15;300;XXL Box;255;256;SMART L - 136 kanałów;cena z rabatem za e-fakturę;1;1;278.56;2;12;283.55;;;
261;PELMAR;12;12;Trzymaj z nami;650;30;650;Start Box;128;129;SMART M - 84 kanały;cena z rabatem za e-fakturę;1;1;144.56;2;12;149.55;;;
262;PELMAR;12;12;Trzymaj z nami;650;30;650;M Box;183;184;SMART M - 84 kanały;cena z rabatem za e-fakturę;1;1;171.56;2;12;176.55;;;
263;PELMAR;12;12;Trzymaj z nami;650;30;650;L Box;235;236;SMART L - 136 kanałów;cena z rabatem za e-fakturę;1;1;197.56;2;12;202.55;;;
264;PELMAR;12;12;Trzymaj z nami;650;30;650;XXL Box;255;256;SMART L - 136 kanałów;cena z rabatem za e-fakturę;1;1;283.56;2;12;288.55;;;
265;PELMAR;12;12;Trzymaj z nami;800;40;800;Start Box;128;129;SMART M - 84 kanały;cena z rabatem za e-fakturę;1;1;180.56;2;12;185.55;;;
266;PELMAR;12;12;Trzymaj z nami;800;40;800;M Box;183;184;SMART M - 84 kanały;cena z rabatem za e-fakturę;1;1;207.56;2;12;212.55;;;
267;PELMAR;12;12;Trzymaj z nami;800;40;800;L Box;235;236;SMART L - 136 kanałów;cena z rabatem za e-fakturę;1;1;233.56;2;12;238.55;;;
268;PELMAR;12;12;Trzymaj z nami;800;40;800;XXL Box;255;256;SMART L - 136 kanałów;cena z rabatem za e-fakturę;1;1;319.56;2;12;324.55;;;
269;PELMAR;24;24;Trzymaj z nami;120;10;120;Start Box;128;129;SMART M - 84 kanały;cena z rabatem za e-fakturę;1;1;111.56;2;24;116.55;;;
270;PELMAR;24;24;Trzymaj z nami;120;10;120;M Box;183;184;SMART M - 84 kanały;cena z rabatem za e-fakturę;1;1;137.56;2;24;142.55;;;
271;PELMAR;24;24;Trzymaj z nami;120;10;120;L Box;235;236;SMART L - 136 kanałów;cena z rabatem za e-fakturę;1;1;163.56;2;24;168.55;;;
272;PELMAR;24;24;Trzymaj z nami;120;10;120;XXL Box;255;256;SMART L - 136 kanałów;cena z rabatem za e-fakturę;1;1;249.56;2;24;254.55;;;
273;PELMAR;24;24;Trzymaj z nami;300;15;300;Start Box;128;129;SMART M - 84 kanały;cena z rabatem za e-fakturę;1;1;130.56;2;24;135.55;;;
274;PELMAR;24;24;Trzymaj z nami;300;15;300;M Box;183;184;SMART M - 84 kanały;cena z rabatem za e-fakturę;1;1;156.56;2;24;161.55;;;
275;PELMAR;24;24;Trzymaj z nami;300;15;300;L Box;235;236;SMART L - 136 kanałów;cena z rabatem za e-fakturę;1;1;182.56;2;24;187.55;;;
276;PELMAR;24;24;Trzymaj z nami;300;15;300;XXL Box;255;256;SMART L - 136 kanałów;cena z rabatem za e-fakturę;1;1;268.56;2;24;273.55;;;
277;PELMAR;24;24;Trzymaj z nami;650;30;650;Start Box;128;129;SMART M - 84 kanały;cena z rabatem za e-fakturę;1;1;135.56;2;24;140.55;;;
278;PELMAR;24;24;Trzymaj z nami;650;30;650;M Box;183;184;SMART M - 84 kanały;cena z rabatem za e-fakturę;1;1;161.56;2;24;166.55;;;
279;PELMAR;24;24;Trzymaj z nami;650;30;650;L Box;235;236;SMART L - 136 kanałów;cena z rabatem za e-fakturę;1;1;187.56;2;24;192.55;;;
280;PELMAR;24;24;Trzymaj z nami;650;30;650;XXL Box;255;256;SMART L - 136 kanałów;cena z rabatem za e-fakturę;1;1;273.56;2;24;278.55;;;
281;PELMAR;24;24;Trzymaj z nami;800;40;800;Start Box;128;129;SMART M - 84 kanały;cena z rabatem za e-fakturę;1;1;171.56;2;24;176.55;;;
282;PELMAR;24;24;Trzymaj z nami;800;40;800;M Box;183;184;SMART M - 84 kanały;cena z rabatem za e-fakturę;1;1;197.56;2;24;202.55;;;
283;PELMAR;24;24;Trzymaj z nami;800;40;800;L Box;235;236;SMART L - 136 kanałów;cena z rabatem za e-fakturę;1;1;223.56;2;24;228.55;;;
284;PELMAR;24;24;Trzymaj z nami;800;40;800;XXL Box;255;256;SMART L - 136 kanałów;cena z rabatem za e-fakturę;1;1;309.56;2;24;314.55;;;
285;PELMAR;12;12;STOP EXTRA NET I TV;300;15;300;Start Box;128;129;;cena z rabatem za e-fakturę;1;12;61.33;;;;;;
286;PELMAR;12;12;STOP EXTRA NET I TV;300;15;300;M Box;183;184;;cena z rabatem za e-fakturę;1;12;86.19;;;;;;
287;PELMAR;12;12;STOP EXTRA NET I TV;650;30;650;L Box;235;236;;cena z rabatem za e-fakturę;1;12;67.54;;;;;;
288;PELMAR;12;12;STOP EXTRA NET I TV;650;30;650;XXL Box;255;256;;cena z rabatem za e-fakturę;1;12;92.40;;;;;;
289;MC2;24;24;Oferta letnia;300;25;300;START Box;65;57;SMART S - 33 kanały;cena z rabatem za e-fakturę;1;24;74.99;;;;;;
290;MC2;24;24;Oferta letnia (z CANAL+ Seriale i Filmy);300;25;300;START Box;65;57;SMART S - 33 kanały, CANAL+ Seriale i Filmy;cena z rabatem za e-fakturę;1;24;84.99;;;;;;
291;MC2;24;24;Oferta letnia (z CANAL+ Super Sport);300;25;300;START Box;65;57;SMART S - 33 kanały, CANAL+ Super Sport;cena z rabatem za e-fakturę;1;24;124.99;;;;;;
292;MC2;24;24;Oferta letnia;650;50;650;START Box;65;57;SMART S - 33 kanały;cena z rabatem za e-fakturę;1;24;89.99;;;;;;
293;MC2;24;24;Oferta letnia (z CANAL+ Seriale i Filmy);650;50;650;START Box;65;57;SMART S - 33 kanały, CANAL+ Seriale i Filmy;cena z rabatem za e-fakturę;1;24;99.99;;;;;;
294;MC2;24;24;Oferta letnia (z CANAL+ Super Sport);650;50;650;START Box;65;57;SMART S - 33 kanały, CANAL+ Super Sport;cena z rabatem za e-fakturę;1;24;139.99;;;;;;
295;MC2;24;24;Oferta letnia;900;60;800;START Box;65;57;SMART S - 33 kanały;cena z rabatem za e-fakturę;1;24;104.99;;;;;;
296;MC2;24;24;Oferta letnia (z CANAL+ Seriale i Filmy);900;60;800;START Box;65;57;SMART S - 33 kanały, CANAL+ Seriale i Filmy;cena z rabatem za e-fakturę;1;24;114.99;;;;;;
297;MC2;24;24;Oferta letnia (z CANAL+ Super Sport);900;60;800;START Box;65;57;SMART S - 33 kanały, CANAL+ Super Sport;cena z rabatem za e-fakturę;1;24;154.99;;;;;;
298;MC2;24;24;Blue Box + Net;300;25;300;Blue Box;54;57;SMART TV - 57 kanałów;cena z rabatem za e-fakturę;1;3;0.00;4;24;83.69;;;
299;MC2;24;24;Blue Box + Net;650;50;650;Blue Box;54;57;SMART TV - 57 kanałów;cena z rabatem za e-fakturę;1;3;0.00;4;24;93.69;;;
300;MC2;24;24;Blue Box + Net;900;60;800;Blue Box;54;57;SMART TV - 57 kanałów;cena z rabatem za e-fakturę;1;3;0.00;4;24;103.69;;;
301;MC2;24;24;Dla Dwojga (z CANAL+ Seriale i Filmy);300;25;300;START Box;65;57;SMART S - 33 kanały, CANAL+ Seriale i Filmy;cena z rabatem za e-fakturę;1;1;145.56;2;24;150.55;;;
302;MC2;24;24;Dla Dwojga (z CANAL+ Super Sport);300;25;300;START Box;65;57;SMART S - 33 kanały, CANAL+ Super Sport;cena z rabatem za e-fakturę;1;1;185.56;2;24;190.55;;;
303;MC2;24;24;Dla Dwojga (z HBO);300;25;300;START Box;65;57;SMART S - 33 kanały, HBO;cena z rabatem za e-fakturę;1;1;152.54;2;24;157.53;;;
304;MC2;24;24;Dla Dwojga (z CANAL+ Seriale i Filmy i HBO);300;25;300;START Box;65;57;SMART S - 33 kanały, CANAL+ Seriale i Filmy, HBO;cena z rabatem za e-fakturę;1;1;177.54;2;24;182.53;;;
305;MC2;24;24;Dla Dwojga (z CANAL+ Super Sport i HBO);300;25;300;START Box;65;57;SMART S - 33 kanały, CANAL+ Super Sport, HBO;cena z rabatem za e-fakturę;1;1;217.54;2;24;222.53;;;
306;MC2;24;24;Dla Dwojga (z CANAL+ Seriale i Filmy);300;25;300;MINI Box;96;129;SMART M - 84 kanały, CANAL+ Seriale i Filmy;cena z rabatem za e-fakturę;1;1;150.56;2;24;155.55;;;
307;MC2;24;24;Dla Dwojga (z CANAL+ Super Sport);300;25;300;MINI Box;96;129;SMART M - 84 kanały, CANAL+ Super Sport;cena z rabatem za e-fakturę;1;1;190.56;2;24;195.55;;;
308;MC2;24;24;Dla Dwojga (z HBO);300;25;300;MINI Box;96;129;SMART M - 84 kanały, HBO;cena z rabatem za e-fakturę;1;1;157.54;2;24;162.53;;;
309;MC2;24;24;Dla Dwojga (z CANAL+ Seriale i Filmy i HBO);300;25;300;MINI Box;96;129;SMART M - 84 kanały, CANAL+ Seriale i Filmy, HBO;cena z rabatem za e-fakturę;1;1;182.54;2;24;187.53;;;
310;MC2;24;24;Dla Dwojga (z CANAL+ Super Sport i HBO);300;25;300;MINI Box;96;129;SMART M - 84 kanały, CANAL+ Super Sport, HBO;cena z rabatem za e-fakturę;1;1;222.54;2;24;227.53;;;
311;MC2;24;24;Dla Dwojga (z CANAL+ Seriale i Filmy);300;25;300;SUPER Box;134;129;SMART M - 84 kanały, CANAL+ Seriale i Filmy;cena z rabatem za e-fakturę;1;1;155.56;2;24;160.55;;;
312;MC2;24;24;Dla Dwojga (z CANAL+ Super Sport);300;25;300;SUPER Box;134;129;SMART M - 84 kanały, CANAL+ Super Sport;cena z rabatem za e-fakturę;1;1;195.56;2;24;200.55;;;
313;MC2;24;24;Dla Dwojga (z HBO);300;25;300;SUPER Box;134;129;SMART M - 84 kanały, HBO;cena z rabatem za e-fakturę;1;1;162.54;2;24;167.53;;;
314;MC2;24;24;Dla Dwojga (z CANAL+ Seriale i Filmy i HBO);300;25;300;SUPER Box;134;129;SMART M - 84 kanały, CANAL+ Seriale i Filmy, HBO;cena z rabatem za e-fakturę;1;1;187.54;2;24;192.53;;;
315;MC2;24;24;Dla Dwojga (z CANAL+ Super Sport i HBO);300;25;300;SUPER Box;134;129;SMART M - 84 kanały, CANAL+ Super Sport, HBO;cena z rabatem za e-fakturę;1;1;227.54;2;24;232.53;;;
316;MC2;24;24;Dla Dwojga (z CANAL+ Seriale i Filmy);300;25;300;MAX Box;152;129;SMART L - 136 kanałów, CANAL+ Seriale i Filmy;cena z rabatem za e-fakturę;1;1;160.56;2;24;165.55;;;
317;MC2;24;24;Dla Dwojga (z CANAL+ Super Sport);300;25;300;MAX Box;152;129;SMART L - 136 kanałów, CANAL+ Super Sport;cena z rabatem za e-fakturę;1;1;200.56;2;24;205.55;;;
318;MC2;24;24;Dla Dwojga (z HBO);300;25;300;MAX Box;152;129;SMART L - 136 kanałów, HBO;cena z rabatem za e-fakturę;1;1;167.54;2;24;172.53;;;
319;MC2;24;24;Dla Dwojga (z CANAL+ Seriale i Filmy i HBO);300;25;300;MAX Box;152;129;SMART L - 136 kanałów, CANAL+ Seriale i Filmy, HBO;cena z rabatem za e-fakturę;1;1;192.54;2;24;197.53;;;
320;MC2;24;24;Dla Dwojga (z CANAL+ Super Sport i HBO);300;25;300;MAX Box;152;129;SMART L - 136 kanałów, CANAL+ Super Sport, HBO;cena z rabatem za e-fakturę;1;1;232.54;2;24;237.53;;;
321;MC2;24;24;Dla Dwojga (z CANAL+ Seriale i Filmy);650;50;650;START Box;65;57;SMART S - 33 kanały, CANAL+ Seriale i Filmy;cena z rabatem za e-fakturę;1;1;156.56;2;24;161.55;;;
322;MC2;24;24;Dla Dwojga (z CANAL+ Super Sport);650;50;650;START Box;65;57;SMART S - 33 kanały, CANAL+ Super Sport;cena z rabatem za e-fakturę;1;1;196.56;2;24;201.55;;;
323;MC2;24;24;Dla Dwojga (z HBO);650;50;650;START Box;65;57;SMART S - 33 kanały, HBO;cena z rabatem za e-fakturę;1;1;163.54;2;24;168.53;;;
324;MC2;24;24;Dla Dwojga (z CANAL+ Seriale i Filmy i HBO);650;50;650;START Box;65;57;SMART S - 33 kanały, CANAL+ Seriale i Filmy, HBO;cena z rabatem za e-fakturę;1;1;188.54;2;24;193.53;;;
325;MC2;24;24;Dla Dwojga (z CANAL+ Super Sport i HBO);650;50;650;START Box;65;57;SMART S - 33 kanały, CANAL+ Super Sport, HBO;cena z rabatem za e-fakturę;1;1;228.54;2;24;233.53;;;
326;MC2;24;24;Dla Dwojga (z CANAL+ Seriale i Filmy);650;50;650;MINI Box;96;129;SMART M - 84 kanały, CANAL+ Seriale i Filmy;cena z rabatem za e-fakturę;1;1;161.56;2;24;166.55;;;
327;MC2;24;24;Dla Dwojga (z CANAL+ Super Sport);650;50;650;MINI Box;96;129;SMART M - 84 kanały, CANAL+ Super Sport;cena z rabatem za e-fakturę;1;1;201.56;2;24;206.55;;;
328;MC2;24;24;Dla Dwojga (z HBO);650;50;650;MINI Box;96;129;SMART M - 84 kanały, HBO;cena z rabatem za e-fakturę;1;1;168.54;2;24;173.53;;;
329;MC2;24;24;Dla Dwojga (z CANAL+ Seriale i Filmy i HBO);650;50;650;MINI Box;96;129;SMART M - 84 kanały, CANAL+ Seriale i Filmy, HBO;cena z rabatem za e-fakturę;1;1;193.54;2;24;198.53;;;
330;MC2;24;24;Dla Dwojga (z CANAL+ Super Sport i HBO);650;50;650;MINI Box;96;129;SMART M - 84 kanały, CANAL+ Super Sport, HBO;cena z rabatem za e-fakturę;1;1;233.54;2;24;238.53;;;
331;MC2;24;24;Dla Dwojga (z CANAL+ Seriale i Filmy);650;50;650;SUPER Box;134;129;SMART M - 84 kanały, CANAL+ Seriale i Filmy;cena z rabatem za e-fakturę;1;1;166.56;2;24;171.55;;;
332;MC2;24;24;Dla Dwojga (z CANAL+ Super Sport);650;50;650;SUPER Box;134;129;SMART M - 84 kanały, CANAL+ Super Sport;cena z rabatem za e-fakturę;1;1;206.56;2;24;211.55;;;
333;MC2;24;24;Dla Dwojga (z HBO);650;50;650;SUPER Box;134;129;SMART M - 84 kanały, HBO;cena z rabatem za e-fakturę;1;1;173.54;2;24;178.53;;;
334;MC2;24;24;Dla Dwojga (z CANAL+ Seriale i Filmy i HBO);650;50;650;SUPER Box;134;129;SMART M - 84 kanały, CANAL+ Seriale i Filmy, HBO;cena z rabatem za e-fakturę;1;1;198.54;2;24;203.53;;;
335;MC2;24;24;Dla Dwojga (z CANAL+ Super Sport i HBO);650;50;650;SUPER Box;134;129;SMART M - 84 kanały, CANAL+ Super Sport, HBO;cena z rabatem za e-fakturę;1;1;238.54;2;24;243.53;;;
336;MC2;24;24;Dla Dwojga (z CANAL+ Seriale i Filmy);650;50;650;MAX Box;152;129;SMART L - 136 kanałów, CANAL+ Seriale i Filmy;cena z rabatem za e-fakturę;1;1;171.56;2;24;176.55;;;
337;MC2;24;24;Dla Dwojga (z CANAL+ Super Sport);650;50;650;MAX Box;152;129;SMART L - 136 kanałów, CANAL+ Super Sport;cena z rabatem za e-fakturę;1;1;211.56;2;24;216.55;;;
338;MC2;24;24;Dla Dwojga (z HBO);650;50;650;MAX Box;152;129;SMART L - 136 kanałów, HBO;cena z rabatem za e-fakturę;1;1;178.54;2;24;183.53;;;
339;MC2;24;24;Dla Dwojga (z CANAL+ Seriale i Filmy i HBO);650;50;650;MAX Box;152;129;SMART L - 136 kanałów, CANAL+ Seriale i Filmy, HBO;cena z rabatem za e-fakturę;1;1;203.54;2;24;208.53;;;
340;MC2;24;24;Dla Dwojga (z CANAL+ Super Sport i HBO);650;50;650;MAX Box;152;129;SMART L - 136 kanałów, CANAL+ Super Sport, HBO;cena z rabatem za e-fakturę;1;1;243.54;2;24;248.53;;;
341;MC2;24;24;Dla Dwojga (z CANAL+ Seriale i Filmy);900;60;800;START Box;65;57;SMART S - 33 kanały, CANAL+ Seriale i Filmy;cena z rabatem za e-fakturę;1;1;166.56;2;24;171.55;;;
342;MC2;24;24;Dla Dwojga (z CANAL+ Super Sport);900;60;800;START Box;65;57;SMART S - 33 kanały, CANAL+ Super Sport;cena z rabatem za e-fakturę;1;1;206.56;2;24;211.55;;;
343;MC2;24;24;Dla Dwojga (z HBO);900;60;800;START Box;65;57;SMART S - 33 kanały, HBO;cena z rabatem za e-fakturę;1;1;173.54;2;24;178.53;;;
344;MC2;24;24;Dla Dwojga (z CANAL+ Seriale i Filmy i HBO);900;60;800;START Box;65;57;SMART S - 33 kanały, CANAL+ Seriale i Filmy, HBO;cena z rabatem za e-fakturę;1;1;198.54;2;24;203.53;;;
345;MC2;24;24;Dla Dwojga (z CANAL+ Super Sport i HBO);900;60;800;START Box;65;57;SMART S - 33 kanały, CANAL+ Super Sport, HBO;cena z rabatem za e-fakturę;1;1;238.54;2;24;243.53;;;
346;MC2;24;24;Dla Dwojga (z CANAL+ Seriale i Filmy);900;60;800;MINI Box;96;129;SMART M - 84 kanały, CANAL+ Seriale i Filmy;cena z rabatem za e-fakturę;1;1;171.56;2;24;176.55;;;
347;MC2;24;24;Dla Dwojga (z CANAL+ Super Sport);900;60;800;MINI Box;96;129;SMART M - 84 kanały, CANAL+ Super Sport;cena z rabatem za e-fakturę;1;1;211.56;2;24;216.55;;;
348;MC2;24;24;Dla Dwojga (z HBO);900;60;800;MINI Box;96;129;SMART M - 84 kanały, HBO;cena z rabatem za e-fakturę;1;1;178.54;2;24;183.53;;;
349;MC2;24;24;Dla Dwojga (z CANAL+ Seriale i Filmy i HBO);900;60;800;MINI Box;96;129;SMART M - 84 kanały, CANAL+ Seriale i Filmy, HBO;cena z rabatem za e-fakturę;1;1;203.54;2;24;208.53;;;
350;MC2;24;24;Dla Dwojga (z CANAL+ Super Sport i HBO);900;60;800;MINI Box;96;129;SMART M - 84 kanały, CANAL+ Super Sport, HBO;cena z rabatem za e-fakturę;1;1;243.54;2;24;248.53;;;
351;MC2;24;24;Dla Dwojga (z CANAL+ Seriale i Filmy);900;60;800;SUPER Box;134;129;SMART M - 84 kanały, CANAL+ Seriale i Filmy;cena z rabatem za e-fakturę;1;1;176.56;2;24;181.55;;;
352;MC2;24;24;Dla Dwojga (z CANAL+ Super Sport);900;60;800;SUPER Box;134;129;SMART M - 84 kanały, CANAL+ Super Sport;cena z rabatem za e-fakturę;1;1;216.56;2;24;221.55;;;
353;MC2;24;24;Dla Dwojga (z HBO);900;60;800;SUPER Box;134;129;SMART M - 84 kanały, HBO;cena z rabatem za e-fakturę;1;1;183.54;2;24;188.53;;;
354;MC2;24;24;Dla Dwojga (z CANAL+ Seriale i Filmy i HBO);900;60;800;SUPER Box;134;129;SMART M - 84 kanały, CANAL+ Seriale i Filmy, HBO;cena z rabatem za e-fakturę;1;1;208.54;2;24;213.53;;;
355;MC2;24;24;Dla Dwojga (z CANAL+ Super Sport i HBO);900;60;800;SUPER Box;134;129;SMART M - 84 kanały, CANAL+ Super Sport, HBO;cena z rabatem za e-fakturę;1;1;248.54;2;24;253.53;;;
356;MC2;24;24;Dla Dwojga (z CANAL+ Seriale i Filmy);900;60;800;MAX Box;152;129;SMART L - 136 kanałów, CANAL+ Seriale i Filmy;cena z rabatem za e-fakturę;1;1;181.56;2;24;186.55;;;
357;MC2;24;24;Dla Dwojga (z CANAL+ Super Sport);900;60;800;MAX Box;152;129;SMART L - 136 kanałów, CANAL+ Super Sport;cena z rabatem za e-fakturę;1;1;221.56;2;24;226.55;;;
358;MC2;24;24;Dla Dwojga (z HBO);900;60;800;MAX Box;152;129;SMART L - 136 kanałów, HBO;cena z rabatem za e-fakturę;1;1;188.54;2;24;193.53;;;
359;MC2;24;24;Dla Dwojga (z CANAL+ Seriale i Filmy i HBO);900;60;800;MAX Box;152;129;SMART L - 136 kanałów, CANAL+ Seriale i Filmy, HBO;cena z rabatem za e-fakturę;1;1;213.54;2;24;218.53;;;
360;MC2;24;24;Dla Dwojga (z CANAL+ Super Sport i HBO);900;60;800;MAX Box;152;129;SMART L - 136 kanałów, CANAL+ Super Sport, HBO;cena z rabatem za e-fakturę;1;1;253.54;2;24;258.53;;;
361;MC2;12;12;Mega Paczka;150;10;120;START Box;65;57;SMART S - 33 kanały;cena z rabatem za e-fakturę;1;1;150.56;2;12;155.55;;;
362;MC2;12;12;Mega Paczka;150;10;120;MINI Box;96;129;SMART M - 84 kanały;cena z rabatem za e-fakturę;1;1;155.56;2;12;160.55;;;
363;MC2;12;12;Mega Paczka;150;10;120;SUPER Box;134;129;SMART M - 84 kanały;cena z rabatem za e-fakturę;1;1;160.56;2;12;165.55;;;
364;MC2;12;12;Mega Paczka;150;10;120;MAX Box;152;129;SMART L - 136 kanałów;cena z rabatem za e-fakturę;1;1;165.56;2;12;170.55;;;
365;MC2;12;12;Mega Paczka;300;25;300;START Box;65;57;SMART S - 33 kanały;cena z rabatem za e-fakturę;1;1;156.56;2;12;161.55;;;
366;MC2;12;12;Mega Paczka;300;25;300;MINI Box;96;129;SMART M - 84 kanały;cena z rabatem za e-fakturę;1;1;161.56;2;12;166.55;;;
367;MC2;12;12;Mega Paczka;300;25;300;SUPER Box;134;129;SMART M - 84 kanały;cena z rabatem za e-fakturę;1;1;166.56;2;12;171.55;;;
368;MC2;12;12;Mega Paczka;300;25;300;MAX Box;152;129;SMART L - 136 kanałów;cena z rabatem za e-fakturę;1;1;171.56;2;12;176.55;;;
369;MC2;12;12;Mega Paczka;650;50;650;START Box;65;57;SMART S - 33 kanały;cena z rabatem za e-fakturę;1;1;166.56;2;12;171.55;;;
370;MC2;12;12;Mega Paczka;650;50;650;MINI Box;96;129;SMART M - 84 kanały;cena z rabatem za e-fakturę;1;1;171.56;2;12;176.55;;;
371;MC2;12;12;Mega Paczka;650;50;650;SUPER Box;134;129;SMART M - 84 kanały;cena z rabatem za e-fakturę;1;1;176.56;2;12;181.55;;;
372;MC2;12;12;Mega Paczka;650;50;650;MAX Box;152;129;SMART L - 136 kanałów;cena z rabatem za e-fakturę;1;1;181.56;2;12;186.55;;;
373;MC2;12;12;Mega Paczka;900;60;800;START Box;65;57;SMART S - 33 kanały;cena z rabatem za e-fakturę;1;1;176.56;2;12;181.55;;;
374;MC2;12;12;Mega Paczka;900;60;800;MINI Box;96;129;SMART M - 84 kanały;cena z rabatem za e-fakturę;1;1;181.56;2;12;186.55;;;
375;MC2;12;12;Mega Paczka;900;60;800;SUPER Box;134;129;SMART M - 84 kanały;cena z rabatem za e-fakturę;1;1;186.56;2;12;191.55;;;
376;MC2;12;12;Mega Paczka;900;60;800;MAX Box;152;129;SMART L - 136 kanałów;cena z rabatem za e-fakturę;1;1;191.56;2;12;196.55;;;
377;MC2;24;24;Mega Paczka;150;10;120;START Box;65;57;SMART S - 33 kanały;cena z rabatem za e-fakturę;1;1;135.56;2;24;140.55;;;
378;MC2;24;24;Mega Paczka;150;10;120;MINI Box;96;129;SMART M - 84 kanały;cena z rabatem za e-fakturę;1;1;140.56;2;24;145.55;;;
379;MC2;24;24;Mega Paczka;150;10;120;SUPER Box;134;129;SMART M - 84 kanały;cena z rabatem za e-fakturę;1;1;145.56;2;24;150.55;;;
380;MC2;24;24;Mega Paczka;150;10;120;MAX Box;152;129;SMART L - 136 kanałów;cena z rabatem za e-fakturę;1;1;150.56;2;24;155.55;;;
381;MC2;24;24;Mega Paczka;300;25;300;START Box;65;57;SMART S - 33 kanały;cena z rabatem za e-fakturę;1;1;141.56;2;24;146.55;;;
382;MC2;24;24;Mega Paczka;300;25;300;MINI Box;96;129;SMART M - 84 kanały;cena z rabatem za e-fakturę;1;1;146.56;2;24;151.55;;;
383;MC2;24;24;Mega Paczka;300;25;300;SUPER Box;134;129;SMART M - 84 kanały;cena z rabatem za e-fakturę;1;1;151.56;2;24;156.55;;;
384;MC2;24;24;Mega Paczka;300;25;300;MAX Box;152;129;SMART L - 136 kanałów;cena z rabatem za e-fakturę;1;1;156.56;2;24;161.55;;;
385;MC2;24;24;Mega Paczka;650;50;650;START Box;65;57;SMART S - 33 kanały;cena z rabatem za e-fakturę;1;1;151.56;2;24;156.55;;;
386;MC2;24;24;Mega Paczka;650;50;650;MINI Box;96;129;SMART M - 84 kanały;cena z rabatem za e-fakturę;1;1;156.56;2;24;161.55;;;
387;MC2;24;24;Mega Paczka;650;50;650;SUPER Box;134;129;SMART M - 84 kanały;cena z rabatem za e-fakturę;1;1;161.56;2;24;166.55;;;
388;MC2;24;24;Mega Paczka;650;50;650;MAX Box;152;129;SMART L - 136 kanałów;cena z rabatem za e-fakturę;1;1;166.56;2;24;171.55;;;
389;MC2;24;24;Mega Paczka;900;60;800;START Box;65;57;SMART S - 33 kanały;cena z rabatem za e-fakturę;1;1;161.56;2;24;166.55;;;
390;MC2;24;24;Mega Paczka;900;60;800;MINI Box;96;129;SMART M - 84 kanały;cena z rabatem za e-fakturę;1;1;166.56;2;24;171.55;;;
391;MC2;24;24;Mega Paczka;900;60;800;SUPER Box;134;129;SMART M - 84 kanały;cena z rabatem za e-fakturę;1;1;171.56;2;24;176.55;;;
392;MC2;24;24;Mega Paczka;900;60;800;MAX Box;152;129;SMART L - 136 kanałów;cena z rabatem za e-fakturę;1;1;176.56;2;24;181.55;;;
393;MC2;12;12;Trzymaj z nami;150;10;120;START Box;65;57;SMART S - 33 kanały;cena z rabatem za e-fakturę;1;1;150.27;2;12;155.26;;;
394;MC2;12;12;Trzymaj z nami;150;10;120;MINI Box;96;129;SMART M - 84 kanały;cena z rabatem za e-fakturę;1;1;155.27;2;12;160.26;;;
395;MC2;12;12;Trzymaj z nami;150;10;120;SUPER Box;134;129;SMART M - 84 kanały;cena z rabatem za e-fakturę;1;1;160.27;2;12;165.26;;;
396;MC2;12;12;Trzymaj z nami;150;10;120;MAX Box;152;129;SMART L - 136 kanałów;cena z rabatem za e-fakturę;1;1;163.27;2;12;168.26;;;
397;MC2;12;12;Trzymaj z nami;300;25;300;START Box;65;57;SMART S - 33 kanały;cena z rabatem za e-fakturę;1;1;156.56;2;12;161.55;;;
398;MC2;12;12;Trzymaj z nami;300;25;300;MINI Box;96;129;SMART M - 84 kanały;cena z rabatem za e-fakturę;1;1;161.56;2;12;166.55;;;
399;MC2;12;12;Trzymaj z nami;300;25;300;SUPER Box;134;129;SMART M - 84 kanały;cena z rabatem za e-fakturę;1;1;166.56;2;12;171.55;;;
400;MC2;12;12;Trzymaj z nami;300;25;300;MAX Box;152;129;SMART L - 136 kanałów;cena z rabatem za e-fakturę;1;1;169.56;2;12;174.55;;;
401;MC2;12;12;Trzymaj z nami;650;50;650;START Box;65;57;SMART S - 33 kanały;cena z rabatem za e-fakturę;1;1;166.56;2;12;171.55;;;
402;MC2;12;12;Trzymaj z nami;650;50;650;MINI Box;96;129;SMART M - 84 kanały;cena z rabatem za e-fakturę;1;1;171.56;2;12;176.55;;;
403;MC2;12;12;Trzymaj z nami;650;50;650;SUPER Box;134;129;SMART M - 84 kanały;cena z rabatem za e-fakturę;1;1;176.56;2;12;181.55;;;
404;MC2;12;12;Trzymaj z nami;650;50;650;MAX Box;152;129;SMART L - 136 kanałów;cena z rabatem za e-fakturę;1;1;179.56;2;12;184.55;;;
405;MC2;12;12;Trzymaj z nami;900;60;800;START Box;65;57;SMART S - 33 kanały;cena z rabatem za e-fakturę;1;1;176.56;2;12;181.55;;;
406;MC2;12;12;Trzymaj z nami;900;60;800;MINI Box;96;129;SMART M - 84 kanały;cena z rabatem za e-fakturę;1;1;181.56;2;12;186.55;;;
407;MC2;12;12;Trzymaj z nami;900;60;800;SUPER Box;134;129;SMART M - 84 kanały;cena z rabatem za e-fakturę;1;1;186.56;2;12;191.55;;;
408;MC2;12;12;Trzymaj z nami;900;60;800;MAX Box;152;129;SMART L - 136 kanałów;cena z rabatem za e-fakturę;1;1;189.56;2;12;194.55;;;
409;MC2;24;24;Trzymaj z nami;150;10;120;START Box;65;57;SMART S - 33 kanały;cena z rabatem za e-fakturę;1;1;130.27;2;24;135.26;;;
410;MC2;24;24;Trzymaj z nami;150;10;120;MINI Box;96;129;SMART M - 84 kanały;cena z rabatem za e-fakturę;1;1;135.27;2;24;140.26;;;
411;MC2;24;24;Trzymaj z nami;150;10;120;SUPER Box;134;129;SMART M - 84 kanały;cena z rabatem za e-fakturę;1;1;140.27;2;24;145.26;;;
412;MC2;24;24;Trzymaj z nami;150;10;120;MAX Box;152;129;SMART L - 136 kanałów;cena z rabatem za e-fakturę;1;1;143.27;2;24;148.26;;;
413;MC2;24;24;Trzymaj z nami;300;25;300;START Box;65;57;SMART S - 33 kanały;cena z rabatem za e-fakturę;1;1;136.56;2;24;141.55;;;
414;MC2;24;24;Trzymaj z nami;300;25;300;MINI Box;96;129;SMART M - 84 kanały;cena z rabatem za e-fakturę;1;1;141.56;2;24;146.55;;;
415;MC2;24;24;Trzymaj z nami;300;25;300;SUPER Box;134;129;SMART M - 84 kanały;cena z rabatem za e-fakturę;1;1;146.56;2;24;151.55;;;
416;MC2;24;24;Trzymaj z nami;300;25;300;MAX Box;152;129;SMART L - 136 kanałów;cena z rabatem za e-fakturę;1;1;149.56;2;24;154.55;;;
417;MC2;24;24;Trzymaj z nami;650;50;650;START Box;65;57;SMART S - 33 kanały;cena z rabatem za e-fakturę;1;1;146.56;2;24;151.55;;;
418;MC2;24;24;Trzymaj z nami;650;50;650;MINI Box;96;129;SMART M - 84 kanały;cena z rabatem za e-fakturę;1;1;151.56;2;24;156.55;;;
419;MC2;24;24;Trzymaj z nami;650;50;650;SUPER Box;134;129;SMART M - 84 kanały;cena z rabatem za e-fakturę;1;1;156.56;2;24;161.55;;;
420;MC2;24;24;Trzymaj z nami;650;50;650;MAX Box;152;129;SMART L - 136 kanałów;cena z rabatem za e-fakturę;1;1;159.56;2;24;164.55;;;
421;MC2;24;24;Trzymaj z nami;900;60;800;START Box;65;57;SMART S - 33 kanały;cena z rabatem za e-fakturę;1;1;156.56;2;24;161.55;;;
422;MC2;24;24;Trzymaj z nami;900;60;800;MINI Box;96;129;SMART M - 84 kanały;cena z rabatem za e-fakturę;1;1;161.56;2;24;166.55;;;
423;MC2;24;24;Trzymaj z nami;900;60;800;SUPER Box;134;129;SMART M - 84 kanały;cena z rabatem za e-fakturę;1;1;166.56;2;24;171.55;;;
424;MC2;24;24;Trzymaj z nami;900;60;800;MAX Box;152;129;SMART L - 136 kanałów;cena z rabatem za e-fakturę;1;1;169.56;2;24;174.55;;;
425;MC2;12;12;STOP EXTRA NET I TV;300;25;300;START Box;65;57;;cena z rabatem za e-fakturę;1;12;61.33;;;;;;
426;MC2;12;12;STOP EXTRA NET I TV;300;25;300;MINI Box;96;129;;cena z rabatem za e-fakturę;1;12;86.19;;;;;;
427;MC2;12;12;STOP EXTRA NET I TV;650;50;650;SUPER Box;134;129;;cena z rabatem za e-fakturę;1;12;67.54;;;;;;
428;MC2;12;12;STOP EXTRA NET I TV;650;50;650;MAX Box;152;129;;cena z rabatem za e-fakturę;1;12;92.40;;;;;;
429;MC1_OLSZTYN;24;24;NET + TV;300;30;300;SUPER Box;132;129;;cena z rabatem za e-fakturę;1;7;74.99;8;24;89.99;;;
430;MC1_OLSZTYN;24;24;NET + TV;300;30;300;MAX Box;152;129;;cena z rabatem za e-fakturę;1;7;78.99;8;24;93.99;;;
431;MC1_OLSZTYN;24;24;NET + TV;600;60;650;SUPER Box;132;129;;cena z rabatem za e-fakturę;1;7;84.99;8;24;99.99;;;
432;MC1_OLSZTYN;24;24;NET + TV;600;60;650;MAX Box;152;129;;cena z rabatem za e-fakturę;1;7;88.99;8;24;103.33;;;
433;MC1_OLSZTYN;24;24;NET + TV;900;90;800;SUPER Box;132;129;;cena z rabatem za e-fakturę;1;7;94.99;8;24;109.99;;;
434;MC1_OLSZTYN;24;24;NET + TV;900;90;800;MAX Box;152;129;;cena z rabatem za e-fakturę;1;7;98.99;8;24;113.99;;;
435;MC1_STARGARD;24;24;NET + TV;300;30;300;SUPER Box;132;129;;cena z rabatem za e-fakturę;1;7;74.99;8;24;89.99;;;
436;MC1_STARGARD;24;24;NET + TV;300;30;300;MAX Box;152;129;;cena z rabatem za e-fakturę;1;7;78.99;8;24;93.99;;;
437;MC1_STARGARD;24;24;NET + TV;600;60;650;SUPER Box;132;129;;cena z rabatem za e-fakturę;1;7;84.99;8;24;99.99;;;
438;MC1_STARGARD;24;24;NET + TV;600;60;650;MAX Box;152;129;;cena z rabatem za e-fakturę;1;7;88.99;8;24;103.33;;;
439;MC1_STARGARD;24;24;NET + TV;900;90;800;SUPER Box;132;129;;cena z rabatem za e-fakturę;1;7;94.99;8;24;109.99;;;
440;MC1_STARGARD;24;24;NET + TV;900;90;800;MAX Box;152;129;;cena z rabatem za e-fakturę;1;7;98.99;8;24;113.99;;;
441;MC1_OSTRODA;24;24;NET + TV;300;30;300;SUPER Box;132;129;;cena z rabatem za e-fakturę;1;7;74.99;8;24;89.99;;;
442;MC1_OSTRODA;24;24;NET + TV;300;30;300;MAX Box;152;129;;cena z rabatem za e-fakturę;1;7;78.99;8;24;93.99;;;
443;MC1_OSTRODA;24;24;NET + TV;600;60;650;SUPER Box;132;129;;cena z rabatem za e-fakturę;1;7;84.99;8;24;99.99;;;
444;MC1_OSTRODA;24;24;NET + TV;600;60;650;MAX Box;152;129;;cena z rabatem za e-fakturę;1;7;88.99;8;24;103.33;;;
445;MC1_OSTRODA;24;24;NET + TV;900;90;800;SUPER Box;132;129;;cena z rabatem za e-fakturę;1;7;94.99;8;24;109.99;;;
446;MC1_OSTRODA;24;24;NET + TV;900;90;800;MAX Box;152;129;;cena z rabatem za e-fakturę;1;7;98.99;8;24;113.99;;;
447;MC1_LOWICZ;24;24;NET + TV;300;30;300;SUPER Box;132;129;;cena z rabatem za e-fakturę;1;7;74.99;8;24;89.99;;;
448;MC1_LOWICZ;24;24;NET + TV;300;30;300;MAX Box;152;129;;cena z rabatem za e-fakturę;1;7;78.99;8;24;93.99;;;
449;MC1_LOWICZ;24;24;NET + TV;600;60;650;SUPER Box;132;129;;cena z rabatem za e-fakturę;1;7;84.99;8;24;99.99;;;
450;MC1_LOWICZ;24;24;NET + TV;600;60;650;MAX Box;152;129;;cena z rabatem za e-fakturę;1;7;88.99;8;24;103.33;;;
451;MC1_LOWICZ;24;24;NET + TV;900;90;800;SUPER Box;132;129;;cena z rabatem za e-fakturę;1;7;94.99;8;24;109.99;;;
452;MC1_LOWICZ;24;24;NET + TV;900;90;800;MAX Box;152;129;;cena z rabatem za e-fakturę;1;7;98.99;8;24;113.99;;;
453;MC1_KWIDZYN;24;24;NET + TV;300;30;300;SUPER Box;132;129;;cena z rabatem za e-fakturę;1;7;74.99;8;24;89.99;;;
454;MC1_KWIDZYN;24;24;NET + TV;300;30;300;MAX Box;152;129;;cena z rabatem za e-fakturę;1;7;78.99;8;24;93.99;;;
455;MC1_KWIDZYN;24;24;NET + TV;600;60;650;SUPER Box;132;129;;cena z rabatem za e-fakturę;1;7;84.99;8;24;99.99;;;
456;MC1_KWIDZYN;24;24;NET + TV;600;60;650;MAX Box;152;129;;cena z rabatem za e-fakturę;1;7;88.99;8;24;103.33;;;
457;MC1_KWIDZYN;24;24;NET + TV;900;90;800;SUPER Box;132;129;;cena z rabatem za e-fakturę;1;7;94.99;8;24;109.99;;;
458;MC1_KWIDZYN;24;24;NET + TV;900;90;800;MAX Box;152;129;;cena z rabatem za e-fakturę;1;7;98.99;8;24;113.99;;;
459;JIM-SAT;999;999;Dla Seniora;10;10;120;Pakiet E;106;129;;"dostępny dla Klientów posiadających 
legitymację emeryta / rencisty
, cena z rabatem za e-fakturę";1;999;75.00;;;;;;
460;JIM-SAT;999;999;Internet i Telewizja;10;10;120;Pakiet E;106;129;;cena z rabatem za e-fakturę;1;999;87.00;;;;;;
461;JIM-SAT;999;999;Internet i Telewizja;50;50;120;Pakiet E;106;129;;cena z rabatem za e-fakturę;1;999;97.00;;;;;;
462;JIM-SAT;999;999;Internet i Telewizja;100;100;120;Pakiet E;106;129;;cena z rabatem za e-fakturę;1;999;107.00;;;;;;
463;JIM-SAT;999;999;Internet i Telewizja;300;300;300;Pakiet E;106;129;;cena z rabatem za e-fakturę;1;999;97.00;;;;;;
464;JIM-SAT;999;999;Internet i Telewizja;600;600;650;Pakiet E;106;129;;cena z rabatem za e-fakturę;1;999;117.00;;;;;;
465;JIM-SAT;999;999;Internet i Telewizja;900;900;800;Pakiet E;106;129;;cena z rabatem za e-fakturę;1;999;127.00;;;;;;
466;ELTRONIK;24;24;HFC + Telewizja;500;100;650;DOM PLUS;100;129;;;1;24;116.90;;;;;;
467;ELTRONIK;24;24;HFC + Telewizja;500;100;650;DOM LUX;145;129;;;1;24;134.90;;;;;;
468;ELTRONIK;24;24;HFC + Telewizja;500;100;650;DOM VIP;156;129;;;1;24;194.90;;;;;;
469;ELTRONIK;24;24;GPON MFH + Telewizja;600;150;650;DOM PLUS;100;129;;;1;24;121.90;;;;;;
470;ELTRONIK;24;24;GPON MFH + Telewizja;600;150;650;DOM LUX;145;129;;;1;24;139.90;;;;;;
471;ELTRONIK;24;24;GPON MFH + Telewizja;600;150;650;DOM VIP;156;129;;;1;24;199.90;;;;;;
472;ELTRONIK;24;24;GPON MFH + Telewizja;700;150;650;DOM PLUS;100;129;;;1;24;131.90;;;;;;
473;ELTRONIK;24;24;GPON MFH + Telewizja;700;150;650;DOM LUX;145;129;;;1;24;149.90;;;;;;
474;ELTRONIK;24;24;GPON MFH + Telewizja;700;150;650;DOM VIP;156;129;;;1;24;209.90;;;;;;
475;ELTRONIK;24;24;GPON MFH + Telewizja;900;200;800;DOM PLUS;100;129;;;1;24;151.00;;;;;;
476;ELTRONIK;24;24;GPON MFH + Telewizja;900;200;800;DOM LUX;145;129;;;1;24;169.00;;;;;;
477;ELTRONIK;24;24;GPON MFH + Telewizja;900;200;800;DOM VIP;156;129;;;1;24;229.00;;;;;;
478;ELTRONIK;24;24;GPON MFH + Telewizja;1000;200;800;DOM PLUS;100;129;;;1;24;162.00;;;;;;
479;ELTRONIK;24;24;GPON MFH + Telewizja;1000;200;800;DOM LUX;145;129;;;1;24;180.00;;;;;;
480;ELTRONIK;24;24;GPON MFH + Telewizja;1000;200;800;DOM VIP;156;129;;;1;24;240.00;;;;;;
481;ELTRONIK;24;24;GPON SFH + Telewizja;600;150;650;DOM PLUS;100;129;;;1;24;137.00;;;;;;
482;ELTRONIK;24;24;GPON SFH + Telewizja;600;150;650;DOM LUX;145;129;;;1;24;155.00;;;;;;
483;ELTRONIK;24;24;GPON SFH + Telewizja;600;150;650;DOM VIP;156;129;;;1;24;215.00;;;;;;
484;ELTRONIK;24;24;GPON SFH + Telewizja;700;150;650;DOM PLUS;100;129;;;1;24;147.00;;;;;;
485;ELTRONIK;24;24;GPON SFH + Telewizja;700;150;650;DOM LUX;145;129;;;1;24;165.00;;;;;;
486;ELTRONIK;24;24;GPON SFH + Telewizja;700;150;650;DOM VIP;156;129;;;1;24;225.00;;;;;;
487;ELTRONIK;24;24;GPON SFH + Telewizja;900;200;800;DOM PLUS;100;129;;;1;24;161.00;;;;;;
488;ELTRONIK;24;24;GPON SFH + Telewizja;900;200;800;DOM LUX;145;129;;;1;24;179.00;;;;;;
489;ELTRONIK;24;24;GPON SFH + Telewizja;900;200;800;DOM VIP;156;129;;;1;24;239.00;;;;;;
490;ELTRONIK;24;24;GPON SFH + Telewizja;1000;200;800;DOM PLUS;100;129;;;1;24;172.00;;;;;;
491;ELTRONIK;24;24;GPON SFH + Telewizja;1000;200;800;DOM LUX;145;129;;;1;24;190.00;;;;;;
492;ELTRONIK;24;24;GPON SFH + Telewizja;1000;200;800;DOM VIP;156;129;;;1;24;250.00;;;;;;
493;ORANGE;24;24;Internet i Telewizja;300;50;300;Extra TV;230;236;Amazon Prime;cena z rabatami;1;24;84.99;;;;;;
494;ORANGE;24;24;Internet i Telewizja;600;100;650;Extra TV;230;236;Amazon Prime;cena z rabatami;1;6;0.00;7;24;125.00;;;
495;ORANGE;24;24;Internet i Telewizja;900;300;800;Extra TV;230;236;Amazon Prime;cena z rabatami;1;6;0.00;7;24;135.00;;;
496;ORANGE;24;24;Internet i Telewizja;1000;300;800;Extra TV;230;236;Amazon Prime;cena z rabatami;1;6;0.00;7;24;135.00;;;
497;ORANGE;24;24;Internet i Telewizja;2000;600;800;Extra TV;230;236;Amazon Prime;cena z rabatami;1;6;0.00;7;9;45.00;10;24;145.00
498;ORANGE;24;24;Internet i Telewizja;8000;1000;800;Extra TV;230;236;Amazon Prime;cena z rabatami;1;6;0.00;7;9;45.00;10;24;210.00
499;T-MOBILE;24;24;Internet i Telewizja;300;50;300;Magenta TV M;150;129;Abonament komórkowy;cena z rabatami;1;6;75.00;7;24;125.00;;;
500;T-MOBILE;24;24;Internet i Telewizja;300;50;300;Magenta TV L;194;184;Abonament komórkowy;cena z rabatami;1;6;75.00;7;24;155.00;;;
501;T-MOBILE;24;24;Internet i Telewizja;900;300;800;Magenta TV M;150;129;Abonament komórkowy;cena z rabatami;1;6;95.00;7;24;145.00;;;
502;T-MOBILE;24;24;Internet i Telewizja;900;300;800;Magenta TV L;194;184;Abonament komórkowy;cena z rabatami;1;6;95.00;7;24;175.00;;;
503;PLAY;24;24;Oferta specjalna;300;100;300;MAX;215;236;;cena z rabatami;1;24;80.00;;;;;;
504;PLAY;24;24;Oferta z reklamy;300;100;300;MAX;217;236;HBO;cena z rabatami;1;12;50.00;13;24;100.00;;;
505;PLAY;24;24;Oferta z reklamy;300;100;300;MAX;217;236;Eleven Sports;cena z rabatami;1;12;50.00;13;24;100.00;;;
506;PLAY;24;24;Oferta z reklamy;600;150;650;MAX;215;236;;cena z rabatami;1;12;55.00;13;24;110.00;;;
507;PLAY;24;24;Internet i Telewizja MAX;300;100;300;MAX;217;236;;cena z rabatami;1;24;100.00;;;;;;
508;PLAY;24;24;Internet i Telewizja MAX;600;150;650;MAX;217;236;;cena z rabatami;1;24;110.00;;;;;;
509;PLAY;24;24;Internet i Telewizja MAX;1000;300;800;MAX;229;236;Sky Showtime, FILMBOX+, Eleven Sports, HBO Max, Amazon Prime;cena z rabatami;1;24;140.00;;;;;;
510;PLAY;24;24;Internet i Telewizja MAX;8000;2000;800;MAX;229;236;Sky Showtime, FILMBOX+, Eleven Sports, HBO Max, Amazon Prime;cena z rabatami;1;24;175.00;;;;;;
511;PLAY;24;24;Internet i Telewizja Nowej Generacji;300;100;300;Telewizja Nowej Generacji;100;129;45 punktów do wykorzystania na streaming;cena z rabatami;1;24;120.00;;;;;;
512;PLAY;24;24;Internet i Telewizja Nowej Generacji;600;150;650;Telewizja Nowej Generacji;100;129;45 punktów do wykorzystania na streaming;cena z rabatami;1;24;130.00;;;;;;
513;PLAY;24;24;Internet i Telewizja Nowej Generacji;1000;300;800;Telewizja Nowej Generacji;100;129;45 punktów do wykorzystania na streaming;cena z rabatami;1;24;140.00;;;;;;
514;PLAY;24;24;Internet i Telewizja Nowej Generacji;8000;2000;800;Telewizja Nowej Generacji;100;129;45 punktów do wykorzystania na streaming;cena z rabatami;1;24;175.00;;;;;;
515;PLUS;24;24;Internet i Telewizja;600;50;650;M;85;87;;cena z rabatami;1;24;80..00;;;;;;
516;PLUS;24;24;Internet i Telewizja;1000;150;800;L;136;129;;cena z rabatami;1;24;120.00;;;;;;
517;NETIA;24;24;Dla każdego;300;50;300;Telewizja;94;129;Netia GO;cena z rabatami;1;3;0.00;4;24;60.00;;;
518;NETIA;24;24;Dla każdego;300;50;300;Telewizja;119;129;Cinemax HD, Netia GO;cena z rabatami;1;3;0.00;4;24;70.00;;;
519;NETIA;24;24;Dla każdego;300;50;300;Telewizja;187;184;Cinemax HD, Netia GO;cena z rabatami;1;3;0.00;4;24;100.00;;;
520;NETIA;24;24;Dla każdego;600;100;650;Telewizja;119;129;Cinemax HD, Netia GO;cena z rabatami;1;3;0.00;4;24;70.00;;;
521;NETIA;24;24;Dla każdego;600;100;650;Telewizja;187;184;Cinemax HD, Netia GO;cena z rabatami;1;3;0.00;4;24;100.00;;;
522;NETIA;24;24;Dla każdego;1000;300;800;Telewizja;94;129;Netia GO;cena z rabatami;1;6;0.00;7;24;70.00;;;
523;NETIA;24;24;Dla każdego;1000;300;800;Telewizja;119;129;Cinemax HD, Netia GO;cena z rabatami;1;6;0.00;7;24;80.00;;;
524;NETIA;24;24;Dla każdego;1000;300;800;Telewizja;187;184;Cinemax HD, Netia GO;cena z rabatami;1;6;0.00;7;24;110.00;;;
525;NETIA;24;24;Oferta specjalna;1000;300;800;Telewizja;187;184;Cinemax HD, Netia GO, Bezpieczny Internet Ultra;cena z rabatami;1;12;0.00;13;24;140.00;;;
526;NETIA;24;24;Dla każdego;2000;1000;800;Telewizja;94;129;Netia GO;cena z rabatami;1;6;0.00;7;24;85.00;;;
527;NETIA;24;24;Dla każdego;2000;1000;800;Telewizja;119;129;Cinemax HD, Netia GO;cena z rabatami;1;6;0.00;7;24;95.00;;;
528;NETIA;24;24;Dla każdego;2000;1000;800;Telewizja;187;184;Cinemax HD, Netia GO;cena z rabatami;1;6;0.00;7;24;125.00;;;
529;NETIA;24;24;Oferta specjalna;2000;1000;800;Telewizja;187;184;Cinemax HD, Netia GO, Bezpieczny Internet Ultra;cena z rabatami;1;12;0.00;13;24;160.00;;;
530;NETIA;24;24;Dla kinomaniaka;300;50;300;Telewizja;122;129;HBO HD, HMO Max, Cinemax HD, Netia GO;cena z rabatami;1;3;0.00;4;24;95.00;;;
531;NETIA;24;24;Dla kinomaniaka;300;50;300;Telewizja;190;184;HBO HD, HMO Max, Cinemax HD, Netia GO;cena z rabatami;1;3;0.00;4;24;125.00;;;
532;NETIA;24;24;Dla kinomaniaka;600;100;650;Telewizja;122;129;HBO HD, HMO Max, Cinemax HD, Netia GO;cena z rabatami;1;3;0.00;4;24;95.00;;;
533;NETIA;24;24;Dla kinomaniaka;600;100;650;Telewizja;190;184;HBO HD, HMO Max, Cinemax HD, Netia GO;cena z rabatami;1;3;0.00;4;24;125.00;;;
534;NETIA;24;24;Dla kinomaniaka;1000;300;800;Telewizja;122;129;HBO HD, HMO Max, Cinemax HD, Netia GO;cena z rabatami;1;6;0.00;7;24;105.00;;;
535;NETIA;24;24;Dla kinomaniaka;1000;300;800;Telewizja;190;184;HBO HD, HMO Max, Cinemax HD, Netia GO;cena z rabatami;1;6;0.00;7;24;135.00;;;
536;NETIA;24;24;Dla kinomaniaka;2000;1000;800;Telewizja;122;129;HBO HD, HMO Max, Cinemax HD, Netia GO;cena z rabatami;1;6;0.00;7;24;120.00;;;
537;NETIA;24;24;Dla kinomaniaka;2000;1000;800;Telewizja;190;184;HBO HD, HMO Max, Cinemax HD, Netia GO;cena z rabatami;1;6;0.00;7;24;150.00;;;
538;NETIA;24;24;Dla fanów sportu;300;50;300;Telewizja;130;129;Cinemax HD, Netia GO;cena z rabatami;1;3;0.00;4;24;90.00;;;
539;NETIA;24;24;Dla fanów sportu;300;50;300;Telewizja;198;184;Cinemax HD, Netia GO;cena z rabatami;1;3;0.00;4;24;120.00;;;
540;NETIA;24;24;Dla fanów sportu;600;100;650;Telewizja;130;129;Cinemax HD, Netia GO;cena z rabatami;1;3;0.00;4;24;90.00;;;
541;NETIA;24;24;Dla fanów sportu;600;100;650;Telewizja;198;184;Cinemax HD, Netia GO;cena z rabatami;1;3;0.00;4;24;120.00;;;
542;NETIA;24;24;Dla fanów sportu;1000;300;800;Telewizja;130;129;Cinemax HD, Netia GO;cena z rabatami;1;6;0.00;7;24;100.00;;;
543;NETIA;24;24;Dla fanów sportu;1000;300;800;Telewizja;198;184;Cinemax HD, Netia GO;cena z rabatami;1;6;0.00;7;24;130.00;;;
544;NETIA;24;24;Dla fanów sportu;2000;1000;800;Telewizja;130;129;Cinemax HD, Netia GO;cena z rabatami;1;6;0.00;7;24;115.00;;;
545;NETIA;24;24;Dla fanów sportu;2000;1000;800;Telewizja;198;184;Cinemax HD, Netia GO;cena z rabatami;1;6;0.00;7;24;145.00;;;
546;VECTRA;999;999;Internet + TV + Premium;600;60;650;Pakiet Złoty;129;129;Netflix, HBO, Eleven Sports;cena z rabatami;1;999;94.99;;;;;;
547;VECTRA;11;12;Internet + TV + Premium;600;60;650;Pakiet Złoty;129;129;HBO, Eleven Sports;cena z rabatami;1;11;94.99;;;;;;
548;VECTRA;23;24;Internet + TV + Premium;600;60;650;Pakiet Złoty;129;129;Disney+;cena z rabatami;1;3;65.00;4;23;94.99;;;
549;VECTRA;999;999;Internet + TV + Premium;300;40;300;Pakiet Srebrny;72;57;CANAL+ Super Sport;cena z rabatami;1;6;79.99;7;999;114.99;;;
550;VECTRA;23;24;Królewska oferta;300;40;300;Pakiet Srebrny;72;57;Netflix;cena z rabatami;1;1;0.00;89.99;;;;;
551;VECTRA;23;24;Królewska oferta;300;40;300;Pakiet Srebrny;72;57;HBO;cena z rabatami;1;1;0.00;89.99;;;;;
552;VECTRA;23;24;Królewska oferta;300;40;300;Pakiet Srebrny;72;57;Disney+;cena z rabatami;1;1;0.00;89.99;;;;;
553;VECTRA;23;24;Królewska oferta;300;40;300;Pakiet Srebrny;72;57;CANAL+ Seriale i Filmy;cena z rabatami;1;1;0.00;89.99;;;;;
554;INEA;12;12;Internet i Telewizja;300;50;300;Paczka START + REGIO;72;57;;cena z rabatami;1;6;0.00;7;12;89.00;;;
555;INEA;12;12;Internet i Telewizja;600;100;650;Paczka START + REGIO;72;57;;cena z rabatami;1;6;0.00;7;12;99.00;;;
556;INEA;12;12;Internet i Telewizja;1000;1000;800;Paczka START + REGIO;72;57;;cena z rabatami;1;6;0.00;7;12;109.00;;;
557;INEA;24;24;Internet i Telewizja;1000;1000;800;Paczka START + REGIO + CLASSIC;137;129;;cena z rabatami;1;24;91.00;;;;;;
558;INEA;24;24;Internet i Telewizja;1000;1000;800;Paczka START + REGIO + EXTRA;202;184;;cena z rabatami;1;24;101.00;;;;;;
559;INEA;999;999;Internet i Telewizja;1000;1000;800;Paczka START + REGIO;72;57;;cena z rabatami;1;5;0.00;6;999;109.00;;;
560;RFC;24;24;Internet i Telewizja;300;100;300;LUZ HD;123;129;;cena z rabatami;1;24;99.00;;;;;;
561;RFC;24;24;Internet i Telewizja;300;100;300;KOMFORT+ HD;180;184;;cena z rabatami;1;24;128.00;;;;;;
562;RFC;24;24;Internet i Telewizja;300;100;300;PRESTIŻ HD;212;236;;cena z rabatami;1;24;156.00;;;;;;
563;RFC;24;24;Internet i Telewizja;300;100;300;MAX HD;248;256;;cena z rabatami;1;24;184.00;;;;;;
564;JMDI;12;12;Blok;800;200;800;Telewizja;145;129;;cena z rabatami;1;2;1.00;3;12;84.90;;;
565;JMDI;24;24;Blok;600;150;650;Telewizja;145;129;;cena z rabatami;1;3;1.00;4;24;64.90;;;
566;JMDI;24;24;Blok;800;200;800;Telewizja;70;57;;cena z rabatami;1;24;59.00;;;;;;
567;JMDI;24;24;Blok;800;200;800;Telewizja;171;184;;cena z rabatami;1;4;1.00;5;24;79.90;;;
568;JMDI;24;24;Blok;800;200;800;Telewizja;171;184;CANAL+ Seriale i Filmy, Cinemax;cena z rabatami;1;2;1.00;3;24;99.90;;;
569;JMDI;24;24;Blok;800;200;800;Telewizja;171;184;Eurosport, CANAL+ Super Sport;cena z rabatami;1;2;1.00;3;24;109.90;;;
570;JMDI;24;24;Blok;1000;300;800;Telewizja;201;184;Eurosport, Polsat Sport Premium;cena z rabatami;1;3;1.00;4;24;129.90;;;
571;JMDI;24;24;Blok;1000;300;800;Telewizja;201;184;Polsat Sport Premium, CANAL+ Super Sport;cena z rabatami;1;5;1.00;6;24;159.90;;;
572;JMDI;999;999;Blok;800;200;800;Telewizja;171;184;Eleven Sports;cena z rabatami;1;999;109.90;;;;;;
573;JMDI;12;12;Dom;600;150;650;Telewizja;145;129;;cena z rabatami;1;12;94.90;;;;;;
574;JMDI;12;12;Dom;800;200;800;Telewizja;171;184;Eurosport, CANAL+ Super Sport;cena z rabatami;1;12;139.90;;;;;;
575;JMDI;24;24;Dom;600;150;650;Telewizja;145;129;;cena z rabatami;1;3;1.00;4;24;84.90;;;
576;JMDI;24;24;Dom;800;200;800;Telewizja;70;57;;cena z rabatami;1;1;1.00;2;24;79.90;;;
577;JMDI;24;24;Dom;800;200;800;Telewizja;171;184;;cena z rabatami;1;5;1.00;6;24;99.90;;;
578;JMDI;24;24;Dom;800;200;800;Telewizja;171;184;Eleven Sports;cena z rabatami;1;5;1.00;6;24;109.90;;;
579;JMDI;24;24;Dom;800;200;800;Telewizja;171;184;CANAL+ Seriale i Filmy, Cinemax;cena z rabatami;1;3;1.00;4;24;119.90;;;
580;JMDI;24;24;Dom;800;200;800;Telewizja;171;184;Eurosport, CANAL+ Super Sport, Eleven Sports;cena z rabatami;1;3;1.00;4;24;129.90;;;
581;JMDI;24;24;Dom;1000;300;800;Telewizja;70;57;;cena z rabatami;1;1;1.00;2;24;89.90;;;
582;JPK;12;12;Blok;400;100;300;Telewizja;160;184;;;1;12;122.00;;;;;;
583;JPK;12;12;Blok;400;100;300;IPTV Luz HD;119;129;;;1;12;77.00;;;;;;
584;JPK;12;12;Blok;400;100;300;IPTV Komfort+ HD;172;184;;;1;12;96.00;;;;;;
585;JPK;12;12;Blok;400;100;300;IPTV Max HD;240;236;;;1;12;123.00;;;;;;
586;JPK;12;12;Blok;400;100;300;IPTV Prestiż HD;204;184;;;1;12;136.00;;;;;;
587;JPK;12;12;Blok;600;200;650;Telewizja;160;184;;;1;12;126.00;;;;;;
588;JPK;12;12;Blok;600;200;650;IPTV Luz HD;119;129;;;1;12;81.00;;;;;;
589;JPK;12;12;Blok;600;200;650;IPTV Komfort+ HD;172;184;;;1;12;100.00;;;;;;
590;JPK;12;12;Blok;600;200;650;IPTV Max HD;240;236;;;1;12;127.00;;;;;;
591;JPK;12;12;Blok;600;200;650;IPTV Prestiż HD;204;184;;;1;12;140.00;;;;;;
592;JPK;12;12;Blok;950;300;800;Telewizja;160;184;;;1;12;131.00;;;;;;
593;JPK;12;12;Blok;950;300;800;IPTV Luz HD;119;129;;;1;12;86.00;;;;;;
594;JPK;12;12;Blok;950;300;800;IPTV Komfort+ HD;172;184;;;1;12;105.00;;;;;;
595;JPK;12;12;Blok;950;300;800;IPTV Max HD;240;236;;;1;12;132.00;;;;;;
596;JPK;12;12;Blok;950;300;800;IPTV Prestiż HD;204;184;;;1;12;145.00;;;;;;
597;JPK;12;12;Blok;2000;2000;800;Telewizja;160;184;;;1;12;153.00;;;;;;
598;JPK;12;12;Blok;2000;2000;800;IPTV Luz HD;119;129;;;1;12;108.00;;;;;;
599;JPK;12;12;Blok;2000;2000;800;IPTV Komfort+ HD;172;184;;;1;12;127.00;;;;;;
600;JPK;12;12;Blok;2000;2000;800;IPTV Max HD;240;236;;;1;12;154.00;;;;;;
601;JPK;12;12;Blok;2000;2000;800;IPTV Prestiż HD;204;184;;;1;12;167.00;;;;;;
602;JPK;24;24;Blok;400;100;300;Telewizja;160;184;;;1;24;110.00;;;;;;
603;JPK;24;24;Blok;400;100;300;IPTV Luz HD;119;129;;;1;24;67.00;;;;;;
604;JPK;24;24;Blok;400;100;300;IPTV Komfort+ HD;172;184;;;1;24;84.00;;;;;;
605;JPK;24;24;Blok;400;100;300;IPTV Max HD;240;236;;;1;24;112.00;;;;;;
606;JPK;24;24;Blok;400;100;300;IPTV Prestiż HD;204;184;;;1;24;124.00;;;;;;
607;JPK;24;24;Blok;600;200;650;Telewizja;160;184;;;1;24;114.00;;;;;;
608;JPK;24;24;Blok;600;200;650;IPTV Luz HD;119;129;;;1;24;71.00;;;;;;
609;JPK;24;24;Blok;600;200;650;IPTV Komfort+ HD;172;184;;;1;24;88.00;;;;;;
610;JPK;24;24;Blok;600;200;650;IPTV Max HD;240;236;;;1;24;116.00;;;;;;
611;JPK;24;24;Blok;600;200;650;IPTV Prestiż HD;204;184;;;1;24;128.00;;;;;;
612;JPK;24;24;Blok;950;300;800;Telewizja;160;184;;;1;24;119.00;;;;;;
613;JPK;24;24;Blok;950;300;800;IPTV Luz HD;119;129;;;1;24;76.00;;;;;;
614;JPK;24;24;Blok;950;300;800;IPTV Komfort+ HD;172;184;;;1;24;93.00;;;;;;
615;JPK;24;24;Blok;950;300;800;IPTV Max HD;240;236;;;1;24;121.00;;;;;;
616;JPK;24;24;Blok;950;300;800;IPTV Prestiż HD;204;184;;;1;24;133.00;;;;;;
617;JPK;24;24;Blok;2000;2000;800;Telewizja;160;184;;;1;24;141.00;;;;;;
618;JPK;24;24;Blok;2000;2000;800;IPTV Luz HD;119;129;;;1;24;98.00;;;;;;
619;JPK;24;24;Blok;2000;2000;800;IPTV Komfort+ HD;172;184;;;1;24;115.00;;;;;;
620;JPK;24;24;Blok;2000;2000;800;IPTV Max HD;240;236;;;1;24;143.00;;;;;;
621;JPK;24;24;Blok;2000;2000;800;IPTV Prestiż HD;204;184;;;1;24;155.00;;;;;;
622;JPK;12;12;Dom;400;100;300;Telewizja;150;129;;;1;12;158.98;;;;;;
623;JPK;12;12;Dom;400;100;300;IPTV Luz HD;119;129;;;1;12;108.99;;;;;;
624;JPK;12;12;Dom;400;100;300;IPTV Komfort+ HD;172;184;;;1;12;127.99;;;;;;
625;JPK;12;12;Dom;400;100;300;IPTV Max HD;240;236;;;1;12;154.99;;;;;;
626;JPK;12;12;Dom;400;100;300;IPTV Prestiż HD;204;184;;;1;12;167.99;;;;;;
627;JPK;12;12;Dom;600;200;650;Telewizja;150;129;;;1;12;178.98;;;;;;
628;JPK;12;12;Dom;600;200;650;IPTV Luz HD;119;129;;;1;12;128.99;;;;;;
629;JPK;12;12;Dom;600;200;650;IPTV Komfort+ HD;172;184;;;1;12;147.99;;;;;;
630;JPK;12;12;Dom;600;200;650;IPTV Max HD;240;236;;;1;12;174.99;;;;;;
631;JPK;12;12;Dom;600;200;650;IPTV Prestiż HD;204;184;;;1;12;187.99;;;;;;
632;JPK;12;12;Dom;900;300;800;Telewizja;150;129;;;1;12;208.98;;;;;;
633;JPK;12;12;Dom;900;300;800;IPTV Luz HD;119;129;;;1;12;158.99;;;;;;
634;JPK;12;12;Dom;900;300;800;IPTV Komfort+ HD;172;184;;;1;12;177.99;;;;;;
635;JPK;12;12;Dom;900;300;800;IPTV Max HD;240;236;;;1;12;204.99;;;;;;
636;JPK;12;12;Dom;900;300;800;IPTV Prestiż HD;204;184;;;1;12;217.99;;;;;;
637;JPK;12;12;Dom;2000;2000;800;Telewizja;150;129;;;1;12;371.99;;;;;;
638;JPK;12;12;Dom;2000;2000;800;IPTV Luz HD;119;129;;;1;12;322.00;;;;;;
639;JPK;12;12;Dom;2000;2000;800;IPTV Komfort+ HD;172;184;;;1;12;341.00;;;;;;
640;JPK;12;12;Dom;2000;2000;800;IPTV Max HD;240;236;;;1;12;368.00;;;;;;
641;JPK;12;12;Dom;2000;2000;800;IPTV Prestiż HD;204;184;;;1;12;381.00;;;;;;
642;JPK;24;24;Dom;400;100;300;Telewizja;150;129;;;1;24;137.98;;;;;;
643;JPK;24;24;Dom;400;100;300;IPTV Luz HD;119;129;;;1;24;89.99;;;;;;
644;JPK;24;24;Dom;400;100;300;IPTV Komfort+ HD;172;184;;;1;24;106.99;;;;;;
645;JPK;24;24;Dom;400;100;300;IPTV Max HD;240;236;;;1;24;134.99;;;;;;
646;JPK;24;24;Dom;400;100;300;IPTV Prestiż HD;204;184;;;1;24;146.99;;;;;;
647;JPK;24;24;Dom;600;200;650;Telewizja;150;129;;;1;24;157.98;;;;;;
648;JPK;24;24;Dom;600;200;650;IPTV Luz HD;119;129;;;1;24;109.99;;;;;;
649;JPK;24;24;Dom;600;200;650;IPTV Komfort+ HD;172;184;;;1;24;126.99;;;;;;
650;JPK;24;24;Dom;600;200;650;IPTV Max HD;240;236;;;1;24;154.99;;;;;;
651;JPK;24;24;Dom;600;200;650;IPTV Prestiż HD;204;184;;;1;24;166.99;;;;;;
652;JPK;24;24;Dom;900;300;800;Telewizja;150;129;;;1;24;187.98;;;;;;
653;JPK;24;24;Dom;900;300;800;IPTV Luz HD;119;129;;;1;24;139.99;;;;;;
654;JPK;24;24;Dom;900;300;800;IPTV Komfort+ HD;172;184;;;1;24;156.99;;;;;;
655;JPK;24;24;Dom;900;300;800;IPTV Max HD;240;236;;;1;24;184.99;;;;;;
656;JPK;24;24;Dom;900;300;800;IPTV Prestiż HD;204;184;;;1;24;196.99;;;;;;
657;JPK;24;24;Dom;2000;2000;800;Telewizja;150;129;;;1;24;345.99;;;;;;
658;JPK;24;24;Dom;2000;2000;800;IPTV Luz HD;119;129;;;1;24;298.00;;;;;;
659;JPK;24;24;Dom;2000;2000;800;IPTV Komfort+ HD;172;184;;;1;24;315.00;;;;;;
660;JPK;24;24;Dom;2000;2000;800;IPTV Max HD;240;236;;;1;24;343.00;;;;;;
661;JPK;24;24;Dom;2000;2000;800;IPTV Prestiż HD;204;184;;;1;24;355.00;;;;;;
662;GECKONET;24;24;Internet i Telewizja;100;20;120;Pakiet Kiss;70;57;;;1;1;30.90;2;24;69.90;;;
663;GECKONET;24;24;Internet i Telewizja;100;20;120;Pakiet Smile;124;129;;;1;1;50.90;2;24;89.90;;;
664;GECKONET;24;24;Internet i Telewizja;100;20;120;Pakiet Hug;182;184;;;1;1;70.90;2;24;109.90;;;
665;GECKONET;24;24;Internet i Telewizja;300;30;300;Pakiet Kiss;70;57;;;1;1;30.90;2;24;79.90;;;
666;GECKONET;24;24;Internet i Telewizja;300;30;300;Pakiet Smile;124;129;;;1;1;50.90;2;24;99.90;;;
667;GECKONET;24;24;Internet i Telewizja;300;30;300;Pakiet Hug;182;184;;;1;1;70.90;2;24;119.90;;;
668;GECKONET;24;24;Internet i Telewizja;600;60;650;Pakiet Kiss;70;57;;;1;1;30.90;2;24;99.90;;;
669;GECKONET;24;24;Internet i Telewizja;600;60;650;Pakiet Smile;124;129;;;1;1;50.90;2;24;119.90;;;
670;GECKONET;24;24;Internet i Telewizja;600;60;650;Pakiet Hug;182;184;;;1;1;70.90;2;24;139.90;;;
671;GECKONET;24;24;Internet i Telewizja;1000;100;800;Pakiet Kiss;70;57;;;1;1;30.90;2;24;119.90;;;
672;GECKONET;24;24;Internet i Telewizja;1000;100;800;Pakiet Smile;124;129;;;1;1;50.90;2;24;139.90;;;
673;GECKONET;24;24;Internet i Telewizja;1000;100;800;Pakiet Hug;182;184;;;1;1;70.90;2;24;159.90;;;
674;PLASTCOM;24;24;copperDynamic + Telewizja;400;100;300;Pakiet Na Start HD;41;57;;;1;24;54.90;;;;;;
675;PLASTCOM;24;24;copperDynamic + Telewizja;400;100;300;Pakiet Na Start Plus HD;78;57;;;1;24;59.90;;;;;;
676;PLASTCOM;24;24;copperDynamic + Telewizja;400;100;300;Pakiet Podstawowy;78;57;;;1;24;64.90;;;;;;
677;PLASTCOM;24;24;copperDynamic + Telewizja;400;100;300;Pakiet Mikro;79;57;;;1;24;69.90;;;;;;
678;PLASTCOM;24;24;copperDynamic + Telewizja;400;100;300;Pakiet Korzystny;135;129;;;1;24;84.90;;;;;;
679;PLASTCOM;24;24;copperDynamic + Telewizja;400;100;300;Pakiet Wielotematyczny;159;184;;;1;24;92.90;;;;;;
680;PLASTCOM;24;24;copperDynamic + Telewizja;400;100;300;Pakiet Bogaty;177;184;;;1;24;94.90;;;;;;
681;PLASTCOM;24;24;copperDynamic + Telewizja;550;100;650;Pakiet Na Start HD;41;57;;;1;24;59.90;;;;;;
682;PLASTCOM;24;24;copperDynamic + Telewizja;550;100;650;Pakiet Na Start Plus HD;78;57;;;1;24;64.90;;;;;;
683;PLASTCOM;24;24;copperDynamic + Telewizja;550;100;650;Pakiet Podstawowy;78;57;;;1;24;69.90;;;;;;
684;PLASTCOM;24;24;copperDynamic + Telewizja;550;100;650;Pakiet Mikro;79;57;;;1;24;74.90;;;;;;
685;PLASTCOM;24;24;copperDynamic + Telewizja;550;100;650;Pakiet Korzystny;135;129;;;1;24;89.90;;;;;;
686;PLASTCOM;24;24;copperDynamic + Telewizja;550;100;650;Pakiet Wielotematyczny;159;184;;;1;24;97.90;;;;;;
687;PLASTCOM;24;24;copperDynamic + Telewizja;550;100;650;Pakiet Bogaty;177;184;;;1;24;99.90;;;;;;
688;PLASTCOM;24;24;copperDynamic + Telewizja;750;100;800;Pakiet Na Start HD;41;57;;;1;24;69.90;;;;;;
689;PLASTCOM;24;24;copperDynamic + Telewizja;750;100;800;Pakiet Na Start Plus HD;78;57;;;1;24;74.90;;;;;;
690;PLASTCOM;24;24;copperDynamic + Telewizja;750;100;800;Pakiet Podstawowy;78;57;;;1;24;79.90;;;;;;
691;PLASTCOM;24;24;copperDynamic + Telewizja;750;100;800;Pakiet Mikro;79;57;;;1;24;84.90;;;;;;
692;PLASTCOM;24;24;copperDynamic + Telewizja;750;100;800;Pakiet Korzystny;135;129;;;1;24;99.90;;;;;;
693;PLASTCOM;24;24;copperDynamic + Telewizja;750;100;800;Pakiet Wielotematyczny;159;184;;;1;24;107.90;;;;;;
694;PLASTCOM;24;24;copperDynamic + Telewizja;750;100;800;Pakiet Bogaty;177;184;;;1;24;109.90;;;;;;
695;PLASTCOM;24;24;copperDynamic + Telewizja;850;100;800;Pakiet Na Start HD;41;57;;;1;24;89.90;;;;;;
696;PLASTCOM;24;24;copperDynamic + Telewizja;850;100;800;Pakiet Na Start Plus HD;78;57;;;1;24;94.90;;;;;;
697;PLASTCOM;24;24;copperDynamic + Telewizja;850;100;800;Pakiet Podstawowy;78;57;;;1;24;99.90;;;;;;
698;PLASTCOM;24;24;copperDynamic + Telewizja;850;100;800;Pakiet Mikro;79;57;;;1;24;104.90;;;;;;
699;PLASTCOM;24;24;copperDynamic + Telewizja;850;100;800;Pakiet Korzystny;135;129;;;1;24;119.90;;;;;;
700;PLASTCOM;24;24;copperDynamic + Telewizja;850;100;800;Pakiet Wielotematyczny;159;184;;;1;24;127.90;;;;;;
701;PLASTCOM;24;24;copperDynamic + Telewizja;850;100;800;Pakiet Bogaty;177;184;;;1;24;129.90;;;;;;
702;PLASTCOM;24;24;copperDynamic + Telewizja;950;100;800;Pakiet Na Start HD;41;57;;;1;24;99.90;;;;;;
703;PLASTCOM;24;24;copperDynamic + Telewizja;950;100;800;Pakiet Na Start Plus HD;78;57;;;1;24;104.90;;;;;;
704;PLASTCOM;24;24;copperDynamic + Telewizja;950;100;800;Pakiet Podstawowy;78;57;;;1;24;109.90;;;;;;
705;PLASTCOM;24;24;copperDynamic + Telewizja;950;100;800;Pakiet Mikro;79;57;;;1;24;114.90;;;;;;
706;PLASTCOM;24;24;copperDynamic + Telewizja;950;100;800;Pakiet Korzystny;135;129;;;1;24;129.90;;;;;;
707;PLASTCOM;24;24;copperDynamic + Telewizja;950;100;800;Pakiet Wielotematyczny;159;184;;;1;24;137.90;;;;;;
708;PLASTCOM;24;24;copperDynamic + Telewizja;950;100;800;Pakiet Bogaty;177;184;;;1;24;139.90;;;;;;
709;PLASTCOM;24;24;fiberDynamic + Telewizja;800;100;800;Pakiet Na Start HD;41;57;;;1;24;65.00;;;;;;
710;PLASTCOM;24;24;fiberDynamic + Telewizja;800;100;800;Pakiet Na Start Plus HD;78;57;;;1;24;70.00;;;;;;
711;PLASTCOM;24;24;fiberDynamic + Telewizja;800;100;800;Pakiet Podstawowy;78;57;;;1;24;75.00;;;;;;
712;PLASTCOM;24;24;fiberDynamic + Telewizja;800;100;800;Pakiet Mikro;79;57;;;1;24;80.00;;;;;;
713;PLASTCOM;24;24;fiberDynamic + Telewizja;800;100;800;Pakiet Korzystny;135;129;;;1;24;95.00;;;;;;
714;PLASTCOM;24;24;fiberDynamic + Telewizja;800;100;800;Pakiet Wielotematyczny;159;184;;;1;24;103.00;;;;;;
715;PLASTCOM;24;24;fiberDynamic + Telewizja;800;100;800;Pakiet Bogaty;177;184;;;1;24;105.00;;;;;;
716;PLASTCOM;24;24;fiberDynamic + Telewizja;1000;100;800;Pakiet Na Start HD;41;57;;;1;24;75.00;;;;;;
717;PLASTCOM;24;24;fiberDynamic + Telewizja;1000;100;800;Pakiet Na Start Plus HD;78;57;;;1;24;80.00;;;;;;
718;PLASTCOM;24;24;fiberDynamic + Telewizja;1000;100;800;Pakiet Podstawowy;78;57;;;1;24;85.00;;;;;;
719;PLASTCOM;24;24;fiberDynamic + Telewizja;1000;100;800;Pakiet Mikro;79;57;;;1;24;90.00;;;;;;
720;PLASTCOM;24;24;fiberDynamic + Telewizja;1000;100;800;Pakiet Korzystny;135;129;;;1;24;105.00;;;;;;
721;PLASTCOM;24;24;fiberDynamic + Telewizja;1000;100;800;Pakiet Wielotematyczny;159;184;;;1;24;113.00;;;;;;
722;PLASTCOM;24;24;fiberDynamic + Telewizja;1000;100;800;Pakiet Bogaty;177;184;;;1;24;115.00;;;;;;
723;PLASTCOM;24;24;fiberDynamic + Telewizja;2000;100;800;Pakiet Na Start HD;41;57;;;1;24;105.00;;;;;;
724;PLASTCOM;24;24;fiberDynamic + Telewizja;2000;100;800;Pakiet Na Start Plus HD;78;57;;;1;24;110.00;;;;;;
725;PLASTCOM;24;24;fiberDynamic + Telewizja;2000;100;800;Pakiet Podstawowy;78;57;;;1;24;115.00;;;;;;
726;PLASTCOM;24;24;fiberDynamic + Telewizja;2000;100;800;Pakiet Mikro;79;57;;;1;24;120.00;;;;;;
727;PLASTCOM;24;24;fiberDynamic + Telewizja;2000;100;800;Pakiet Korzystny;135;129;;;1;24;135.00;;;;;;
728;PLASTCOM;24;24;fiberDynamic + Telewizja;2000;100;800;Pakiet Wielotematyczny;159;184;;;1;24;143.00;;;;;;
729;PLASTCOM;24;24;fiberDynamic + Telewizja;2000;100;800;Pakiet Bogaty;177;184;;;1;24;145.00;;;;;;
730;PLASTCOM;24;24;fiberDynamic + Telewizja;4000;100;800;Pakiet Na Start HD;41;57;;;1;24;135.00;;;;;;
731;PLASTCOM;24;24;fiberDynamic + Telewizja;4000;100;800;Pakiet Na Start Plus HD;78;57;;;1;24;140.00;;;;;;
732;PLASTCOM;24;24;fiberDynamic + Telewizja;4000;100;800;Pakiet Podstawowy;78;57;;;1;24;145.00;;;;;;
733;PLASTCOM;24;24;fiberDynamic + Telewizja;4000;100;800;Pakiet Mikro;79;57;;;1;24;150.00;;;;;;
734;PLASTCOM;24;24;fiberDynamic + Telewizja;4000;100;800;Pakiet Korzystny;135;129;;;1;24;165.00;;;;;;
735;PLASTCOM;24;24;fiberDynamic + Telewizja;4000;100;800;Pakiet Wielotematyczny;159;184;;;1;24;173.00;;;;;;
736;PLASTCOM;24;24;fiberDynamic + Telewizja;4000;100;800;Pakiet Bogaty;177;184;;;1;24;175.00;;;;;;
737;TYGRYS;12;12;Internet i Telewizja;500;50;650;Pakiet Na Start;53;57;;;1;12;80.00;;;;;;
738;TYGRYS;12;12;Internet i Telewizja;500;50;650;Pakiet Mikro HD;75;57;;;1;12;85.00;;;;;;
739;TYGRYS;12;12;Internet i Telewizja;500;50;650;Pakiet Podstawowy;78;57;;;1;12;90.00;;;;;;
740;TYGRYS;12;12;Internet i Telewizja;500;50;650;Pakiet Luz;119;129;;;1;12;89.00;;;;;;
741;TYGRYS;12;12;Internet i Telewizja;500;50;650;Pakiet Korzystny;137;129;;;1;12;100.00;;;;;;
742;TYGRYS;12;12;Internet i Telewizja;500;50;650;Pakiet Komfort;140;129;;;1;12;99.00;;;;;;
743;TYGRYS;12;12;Internet i Telewizja;500;50;650;Pakiet Mini HD;142;129;;;1;12;95.00;;;;;;
744;TYGRYS;12;12;Internet i Telewizja;500;50;650;Pakiet Bogaty;179;184;;;1;12;110.00;;;;;;
745;TYGRYS;12;12;Internet i Telewizja;500;50;650;Pakiet Prestiż;184;184;;;1;12;119.00;;;;;;
746;TYGRYS;12;12;Internet i Telewizja;500;50;650;Pakiet Wielotematyczny;195;184;;;1;12;110.00;;;;;;
747;TYGRYS;12;12;Internet i Telewizja;500;50;650;Pakiet Max;220;236;;;1;12;139.00;;;;;;
748;TYGRYS;12;12;Internet i Telewizja;500;100;650;Pakiet Na Start;53;57;;;1;12;90.00;;;;;;
749;TYGRYS;12;12;Internet i Telewizja;500;100;650;Pakiet Mikro HD;75;57;;;1;12;95.00;;;;;;
750;TYGRYS;12;12;Internet i Telewizja;500;100;650;Pakiet Podstawowy;78;57;;;1;12;100.00;;;;;;
751;TYGRYS;12;12;Internet i Telewizja;500;100;650;Pakiet Luz;119;129;;;1;12;99.00;;;;;;
752;TYGRYS;12;12;Internet i Telewizja;500;100;650;Pakiet Korzystny;137;129;;;1;12;110.00;;;;;;
753;TYGRYS;12;12;Internet i Telewizja;500;100;650;Pakiet Komfort;140;129;;;1;12;109.00;;;;;;
754;TYGRYS;12;12;Internet i Telewizja;500;100;650;Pakiet Mini HD;142;129;;;1;12;105.00;;;;;;
755;TYGRYS;12;12;Internet i Telewizja;500;100;650;Pakiet Bogaty;179;184;;;1;12;120.00;;;;;;
756;TYGRYS;12;12;Internet i Telewizja;500;100;650;Pakiet Prestiż;184;184;;;1;12;129.00;;;;;;
757;TYGRYS;12;12;Internet i Telewizja;500;100;650;Pakiet Wielotematyczny;195;184;;;1;12;120.00;;;;;;
758;TYGRYS;12;12;Internet i Telewizja;500;100;650;Pakiet Max;220;236;;;1;12;149.00;;;;;;
759;TYGRYS;12;12;Internet i Telewizja;500;200;650;Pakiet Na Start;53;57;;;1;12;100.00;;;;;;
760;TYGRYS;12;12;Internet i Telewizja;500;200;650;Pakiet Mikro HD;75;57;;;1;12;105.00;;;;;;
761;TYGRYS;12;12;Internet i Telewizja;500;200;650;Pakiet Podstawowy;78;57;;;1;12;110.00;;;;;;
762;TYGRYS;12;12;Internet i Telewizja;500;200;650;Pakiet Luz;119;129;;;1;12;109.00;;;;;;
763;TYGRYS;12;12;Internet i Telewizja;500;200;650;Pakiet Korzystny;137;129;;;1;12;120.00;;;;;;
764;TYGRYS;12;12;Internet i Telewizja;500;200;650;Pakiet Komfort;140;129;;;1;12;119.00;;;;;;
765;TYGRYS;12;12;Internet i Telewizja;500;200;650;Pakiet Mini HD;142;129;;;1;12;115.00;;;;;;
766;TYGRYS;12;12;Internet i Telewizja;500;200;650;Pakiet Bogaty;179;184;;;1;12;130.00;;;;;;
767;TYGRYS;12;12;Internet i Telewizja;500;200;650;Pakiet Prestiż;184;184;;;1;12;139.00;;;;;;
768;TYGRYS;12;12;Internet i Telewizja;500;200;650;Pakiet Wielotematyczny;195;184;;;1;12;130.00;;;;;;
769;TYGRYS;12;12;Internet i Telewizja;500;200;650;Pakiet Max;220;236;;;1;12;159.00;;;;;;
770;TYGRYS;12;12;Internet i Telewizja;500;400;650;Pakiet Na Start;53;57;;;1;12;110.00;;;;;;
771;TYGRYS;12;12;Internet i Telewizja;500;400;650;Pakiet Mikro HD;75;57;;;1;12;115.00;;;;;;
772;TYGRYS;12;12;Internet i Telewizja;500;400;650;Pakiet Podstawowy;78;57;;;1;12;120.00;;;;;;
773;TYGRYS;12;12;Internet i Telewizja;500;400;650;Pakiet Luz;119;129;;;1;12;119.00;;;;;;
774;TYGRYS;12;12;Internet i Telewizja;500;400;650;Pakiet Korzystny;137;129;;;1;12;130.00;;;;;;
775;TYGRYS;12;12;Internet i Telewizja;500;400;650;Pakiet Komfort;140;129;;;1;12;129.00;;;;;;
776;TYGRYS;12;12;Internet i Telewizja;500;400;650;Pakiet Mini HD;142;129;;;1;12;125.00;;;;;;
777;TYGRYS;12;12;Internet i Telewizja;500;400;650;Pakiet Bogaty;179;184;;;1;12;140.00;;;;;;
778;TYGRYS;12;12;Internet i Telewizja;500;400;650;Pakiet Prestiż;184;184;;;1;12;149.00;;;;;;
779;TYGRYS;12;12;Internet i Telewizja;500;400;650;Pakiet Wielotematyczny;195;184;;;1;12;140.00;;;;;;
780;TYGRYS;12;12;Internet i Telewizja;500;400;650;Pakiet Max;220;236;;;1;12;169.00;;;;;;
781;TYGRYS;12;12;Internet i Telewizja;700;50;650;Pakiet Na Start;53;57;;;1;12;90.00;;;;;;
782;TYGRYS;12;12;Internet i Telewizja;700;50;650;Pakiet Mikro HD;75;57;;;1;12;95.00;;;;;;
783;TYGRYS;12;12;Internet i Telewizja;700;50;650;Pakiet Podstawowy;78;57;;;1;12;100.00;;;;;;
784;TYGRYS;12;12;Internet i Telewizja;700;50;650;Pakiet Luz;119;129;;;1;12;99.00;;;;;;
785;TYGRYS;12;12;Internet i Telewizja;700;50;650;Pakiet Korzystny;137;129;;;1;12;110.00;;;;;;
786;TYGRYS;12;12;Internet i Telewizja;700;50;650;Pakiet Komfort;140;129;;;1;12;109.00;;;;;;
787;TYGRYS;12;12;Internet i Telewizja;700;50;650;Pakiet Mini HD;142;129;;;1;12;105.00;;;;;;
788;TYGRYS;12;12;Internet i Telewizja;700;50;650;Pakiet Bogaty;179;184;;;1;12;120.00;;;;;;
789;TYGRYS;12;12;Internet i Telewizja;700;50;650;Pakiet Prestiż;184;184;;;1;12;129.00;;;;;;
790;TYGRYS;12;12;Internet i Telewizja;700;50;650;Pakiet Wielotematyczny;195;184;;;1;12;120.00;;;;;;
791;TYGRYS;12;12;Internet i Telewizja;700;50;650;Pakiet Max;220;236;;;1;12;149.00;;;;;;
792;TYGRYS;12;12;Internet i Telewizja;700;100;650;Pakiet Na Start;53;57;;;1;12;100.00;;;;;;
793;TYGRYS;12;12;Internet i Telewizja;700;100;650;Pakiet Mikro HD;75;57;;;1;12;105.00;;;;;;
794;TYGRYS;12;12;Internet i Telewizja;700;100;650;Pakiet Podstawowy;78;57;;;1;12;110.00;;;;;;
795;TYGRYS;12;12;Internet i Telewizja;700;100;650;Pakiet Luz;119;129;;;1;12;109.00;;;;;;
796;TYGRYS;12;12;Internet i Telewizja;700;100;650;Pakiet Korzystny;137;129;;;1;12;120.00;;;;;;
797;TYGRYS;12;12;Internet i Telewizja;700;100;650;Pakiet Komfort;140;129;;;1;12;119.00;;;;;;
798;TYGRYS;12;12;Internet i Telewizja;700;100;650;Pakiet Mini HD;142;129;;;1;12;115.00;;;;;;
799;TYGRYS;12;12;Internet i Telewizja;700;100;650;Pakiet Bogaty;179;184;;;1;12;130.00;;;;;;
800;TYGRYS;12;12;Internet i Telewizja;700;100;650;Pakiet Prestiż;184;184;;;1;12;139.00;;;;;;
801;TYGRYS;12;12;Internet i Telewizja;700;100;650;Pakiet Wielotematyczny;195;184;;;1;12;130.00;;;;;;
802;TYGRYS;12;12;Internet i Telewizja;700;100;650;Pakiet Max;220;236;;;1;12;159.00;;;;;;
803;TYGRYS;12;12;Internet i Telewizja;700;200;650;Pakiet Na Start;53;57;;;1;12;110.00;;;;;;
804;TYGRYS;12;12;Internet i Telewizja;700;200;650;Pakiet Mikro HD;75;57;;;1;12;115.00;;;;;;
805;TYGRYS;12;12;Internet i Telewizja;700;200;650;Pakiet Podstawowy;78;57;;;1;12;120.00;;;;;;
806;TYGRYS;12;12;Internet i Telewizja;700;200;650;Pakiet Luz;119;129;;;1;12;119.00;;;;;;
807;TYGRYS;12;12;Internet i Telewizja;700;200;650;Pakiet Korzystny;137;129;;;1;12;130.00;;;;;;
808;TYGRYS;12;12;Internet i Telewizja;700;200;650;Pakiet Komfort;140;129;;;1;12;129.00;;;;;;
809;TYGRYS;12;12;Internet i Telewizja;700;200;650;Pakiet Mini HD;142;129;;;1;12;125.00;;;;;;
810;TYGRYS;12;12;Internet i Telewizja;700;200;650;Pakiet Bogaty;179;184;;;1;12;140.00;;;;;;
811;TYGRYS;12;12;Internet i Telewizja;700;200;650;Pakiet Prestiż;184;184;;;1;12;149.00;;;;;;
812;TYGRYS;12;12;Internet i Telewizja;700;200;650;Pakiet Wielotematyczny;195;184;;;1;12;140.00;;;;;;
813;TYGRYS;12;12;Internet i Telewizja;700;200;650;Pakiet Max;220;236;;;1;12;169.00;;;;;;
814;TYGRYS;12;12;Internet i Telewizja;700;400;650;Pakiet Na Start;53;57;;;1;12;120.00;;;;;;
815;TYGRYS;12;12;Internet i Telewizja;700;400;650;Pakiet Mikro HD;75;57;;;1;12;125.00;;;;;;
816;TYGRYS;12;12;Internet i Telewizja;700;400;650;Pakiet Podstawowy;78;57;;;1;12;130.00;;;;;;
817;TYGRYS;12;12;Internet i Telewizja;700;400;650;Pakiet Luz;119;129;;;1;12;129.00;;;;;;
818;TYGRYS;12;12;Internet i Telewizja;700;400;650;Pakiet Korzystny;137;129;;;1;12;140.00;;;;;;
819;TYGRYS;12;12;Internet i Telewizja;700;400;650;Pakiet Komfort;140;129;;;1;12;139.00;;;;;;
820;TYGRYS;12;12;Internet i Telewizja;700;400;650;Pakiet Mini HD;142;129;;;1;12;135.00;;;;;;
821;TYGRYS;12;12;Internet i Telewizja;700;400;650;Pakiet Bogaty;179;184;;;1;12;150.00;;;;;;
822;TYGRYS;12;12;Internet i Telewizja;700;400;650;Pakiet Prestiż;184;184;;;1;12;159.00;;;;;;
823;TYGRYS;12;12;Internet i Telewizja;700;400;650;Pakiet Wielotematyczny;195;184;;;1;12;150.00;;;;;;
824;TYGRYS;12;12;Internet i Telewizja;700;400;650;Pakiet Max;220;236;;;1;12;179.00;;;;;;
825;TYGRYS;12;12;Internet i Telewizja;1000;50;800;Pakiet Na Start;53;57;;;1;12;100.00;;;;;;
826;TYGRYS;12;12;Internet i Telewizja;1000;50;800;Pakiet Mikro HD;75;57;;;1;12;105.00;;;;;;
827;TYGRYS;12;12;Internet i Telewizja;1000;50;800;Pakiet Podstawowy;78;57;;;1;12;110.00;;;;;;
828;TYGRYS;12;12;Internet i Telewizja;1000;50;800;Pakiet Luz;119;129;;;1;12;109.00;;;;;;
829;TYGRYS;12;12;Internet i Telewizja;1000;50;800;Pakiet Korzystny;137;129;;;1;12;120.00;;;;;;
830;TYGRYS;12;12;Internet i Telewizja;1000;50;800;Pakiet Komfort;140;129;;;1;12;119.00;;;;;;
831;TYGRYS;12;12;Internet i Telewizja;1000;50;800;Pakiet Mini HD;142;129;;;1;12;115.00;;;;;;
832;TYGRYS;12;12;Internet i Telewizja;1000;50;800;Pakiet Bogaty;179;184;;;1;12;130.00;;;;;;
833;TYGRYS;12;12;Internet i Telewizja;1000;50;800;Pakiet Prestiż;184;184;;;1;12;139.00;;;;;;
834;TYGRYS;12;12;Internet i Telewizja;1000;50;800;Pakiet Wielotematyczny;195;184;;;1;12;130.00;;;;;;
835;TYGRYS;12;12;Internet i Telewizja;1000;50;800;Pakiet Max;220;236;;;1;12;159.00;;;;;;
836;TYGRYS;12;12;Internet i Telewizja;1000;100;800;Pakiet Na Start;53;57;;;1;12;110.00;;;;;;
837;TYGRYS;12;12;Internet i Telewizja;1000;100;800;Pakiet Mikro HD;75;57;;;1;12;115.00;;;;;;
838;TYGRYS;12;12;Internet i Telewizja;1000;100;800;Pakiet Podstawowy;78;57;;;1;12;120.00;;;;;;
839;TYGRYS;12;12;Internet i Telewizja;1000;100;800;Pakiet Luz;119;129;;;1;12;119.00;;;;;;
840;TYGRYS;12;12;Internet i Telewizja;1000;100;800;Pakiet Korzystny;137;129;;;1;12;130.00;;;;;;
841;TYGRYS;12;12;Internet i Telewizja;1000;100;800;Pakiet Komfort;140;129;;;1;12;129.00;;;;;;
842;TYGRYS;12;12;Internet i Telewizja;1000;100;800;Pakiet Mini HD;142;129;;;1;12;125.00;;;;;;
843;TYGRYS;12;12;Internet i Telewizja;1000;100;800;Pakiet Bogaty;179;184;;;1;12;140.00;;;;;;
844;TYGRYS;12;12;Internet i Telewizja;1000;100;800;Pakiet Prestiż;184;184;;;1;12;149.00;;;;;;
845;TYGRYS;12;12;Internet i Telewizja;1000;100;800;Pakiet Wielotematyczny;195;184;;;1;12;140.00;;;;;;
846;TYGRYS;12;12;Internet i Telewizja;1000;100;800;Pakiet Max;220;236;;;1;12;169.00;;;;;;
847;TYGRYS;12;12;Internet i Telewizja;1000;200;800;Pakiet Na Start;53;57;;;1;12;120.00;;;;;;
848;TYGRYS;12;12;Internet i Telewizja;1000;200;800;Pakiet Mikro HD;75;57;;;1;12;125.00;;;;;;
849;TYGRYS;12;12;Internet i Telewizja;1000;200;800;Pakiet Podstawowy;78;57;;;1;12;130.00;;;;;;
850;TYGRYS;12;12;Internet i Telewizja;1000;200;800;Pakiet Luz;119;129;;;1;12;129.00;;;;;;
851;TYGRYS;12;12;Internet i Telewizja;1000;200;800;Pakiet Korzystny;137;129;;;1;12;140.00;;;;;;
852;TYGRYS;12;12;Internet i Telewizja;1000;200;800;Pakiet Komfort;140;129;;;1;12;139.00;;;;;;
853;TYGRYS;12;12;Internet i Telewizja;1000;200;800;Pakiet Mini HD;142;129;;;1;12;135.00;;;;;;
854;TYGRYS;12;12;Internet i Telewizja;1000;200;800;Pakiet Bogaty;179;184;;;1;12;150.00;;;;;;
855;TYGRYS;12;12;Internet i Telewizja;1000;200;800;Pakiet Prestiż;184;184;;;1;12;159.00;;;;;;
856;TYGRYS;12;12;Internet i Telewizja;1000;200;800;Pakiet Wielotematyczny;195;184;;;1;12;150.00;;;;;;
857;TYGRYS;12;12;Internet i Telewizja;1000;200;800;Pakiet Max;220;236;;;1;12;179.00;;;;;;
858;TYGRYS;12;12;Internet i Telewizja;1000;400;800;Pakiet Na Start;53;57;;;1;12;130.00;;;;;;
859;TYGRYS;12;12;Internet i Telewizja;1000;400;800;Pakiet Mikro HD;75;57;;;1;12;135.00;;;;;;
860;TYGRYS;12;12;Internet i Telewizja;1000;400;800;Pakiet Podstawowy;78;57;;;1;12;140.00;;;;;;
861;TYGRYS;12;12;Internet i Telewizja;1000;400;800;Pakiet Luz;119;129;;;1;12;139.00;;;;;;
862;TYGRYS;12;12;Internet i Telewizja;1000;400;800;Pakiet Korzystny;137;129;;;1;12;150.00;;;;;;
863;TYGRYS;12;12;Internet i Telewizja;1000;400;800;Pakiet Komfort;140;129;;;1;12;149.00;;;;;;
864;TYGRYS;12;12;Internet i Telewizja;1000;400;800;Pakiet Mini HD;142;129;;;1;12;145.00;;;;;;
865;TYGRYS;12;12;Internet i Telewizja;1000;400;800;Pakiet Bogaty;179;184;;;1;12;160.00;;;;;;
866;TYGRYS;12;12;Internet i Telewizja;1000;400;800;Pakiet Prestiż;184;184;;;1;12;169.00;;;;;;
867;TYGRYS;12;12;Internet i Telewizja;1000;400;800;Pakiet Wielotematyczny;195;184;;;1;12;160.00;;;;;;
868;TYGRYS;12;12;Internet i Telewizja;1000;400;800;Pakiet Max;220;236;;;1;12;189.00;;;;;;
869;TYGRYS;12;12;Internet i Telewizja;2000;50;800;Pakiet Na Start;53;57;;;1;12;100.00;;;;;;
870;TYGRYS;12;12;Internet i Telewizja;2000;50;800;Pakiet Mikro HD;75;57;;;1;12;145.00;;;;;;
871;TYGRYS;12;12;Internet i Telewizja;2000;50;800;Pakiet Podstawowy;78;57;;;1;12;150.00;;;;;;
872;TYGRYS;12;12;Internet i Telewizja;2000;50;800;Pakiet Luz;119;129;;;1;12;149.00;;;;;;
873;TYGRYS;12;12;Internet i Telewizja;2000;50;800;Pakiet Korzystny;137;129;;;1;12;160.00;;;;;;
874;TYGRYS;12;12;Internet i Telewizja;2000;50;800;Pakiet Komfort;140;129;;;1;12;159.00;;;;;;
875;TYGRYS;12;12;Internet i Telewizja;2000;50;800;Pakiet Mini HD;142;129;;;1;12;155.00;;;;;;
876;TYGRYS;12;12;Internet i Telewizja;2000;50;800;Pakiet Bogaty;179;184;;;1;12;170.00;;;;;;
877;TYGRYS;12;12;Internet i Telewizja;2000;50;800;Pakiet Prestiż;184;184;;;1;12;179.00;;;;;;
878;TYGRYS;12;12;Internet i Telewizja;2000;50;800;Pakiet Wielotematyczny;195;184;;;1;12;170.00;;;;;;
879;TYGRYS;12;12;Internet i Telewizja;2000;50;800;Pakiet Max;220;236;;;1;12;199.00;;;;;;
880;TYGRYS;12;12;Internet i Telewizja;2000;100;800;Pakiet Na Start;53;57;;;1;12;110.00;;;;;;
881;TYGRYS;12;12;Internet i Telewizja;2000;100;800;Pakiet Mikro HD;75;57;;;1;12;155.00;;;;;;
882;TYGRYS;12;12;Internet i Telewizja;2000;100;800;Pakiet Podstawowy;78;57;;;1;12;160.00;;;;;;
883;TYGRYS;12;12;Internet i Telewizja;2000;100;800;Pakiet Luz;119;129;;;1;12;159.00;;;;;;
884;TYGRYS;12;12;Internet i Telewizja;2000;100;800;Pakiet Korzystny;137;129;;;1;12;170.00;;;;;;
885;TYGRYS;12;12;Internet i Telewizja;2000;100;800;Pakiet Komfort;140;129;;;1;12;169.00;;;;;;
886;TYGRYS;12;12;Internet i Telewizja;2000;100;800;Pakiet Mini HD;142;129;;;1;12;165.00;;;;;;
887;TYGRYS;12;12;Internet i Telewizja;2000;100;800;Pakiet Bogaty;179;184;;;1;12;180.00;;;;;;
888;TYGRYS;12;12;Internet i Telewizja;2000;100;800;Pakiet Prestiż;184;184;;;1;12;189.00;;;;;;
889;TYGRYS;12;12;Internet i Telewizja;2000;100;800;Pakiet Wielotematyczny;195;184;;;1;12;180.00;;;;;;
890;TYGRYS;12;12;Internet i Telewizja;2000;100;800;Pakiet Max;220;236;;;1;12;209.00;;;;;;
891;TYGRYS;12;12;Internet i Telewizja;2000;200;800;Pakiet Na Start;53;57;;;1;12;120.00;;;;;;
892;TYGRYS;12;12;Internet i Telewizja;2000;200;800;Pakiet Mikro HD;75;57;;;1;12;165.00;;;;;;
893;TYGRYS;12;12;Internet i Telewizja;2000;200;800;Pakiet Podstawowy;78;57;;;1;12;170.00;;;;;;
894;TYGRYS;12;12;Internet i Telewizja;2000;200;800;Pakiet Luz;119;129;;;1;12;169.00;;;;;;
895;TYGRYS;12;12;Internet i Telewizja;2000;200;800;Pakiet Korzystny;137;129;;;1;12;180.00;;;;;;
896;TYGRYS;12;12;Internet i Telewizja;2000;200;800;Pakiet Komfort;140;129;;;1;12;179.00;;;;;;
897;TYGRYS;12;12;Internet i Telewizja;2000;200;800;Pakiet Mini HD;142;129;;;1;12;175.00;;;;;;
898;TYGRYS;12;12;Internet i Telewizja;2000;200;800;Pakiet Bogaty;179;184;;;1;12;190.00;;;;;;
899;TYGRYS;12;12;Internet i Telewizja;2000;200;800;Pakiet Prestiż;184;184;;;1;12;199.00;;;;;;
900;TYGRYS;12;12;Internet i Telewizja;2000;200;800;Pakiet Wielotematyczny;195;184;;;1;12;190.00;;;;;;
901;TYGRYS;12;12;Internet i Telewizja;2000;200;800;Pakiet Max;220;236;;;1;12;219.00;;;;;;
902;TYGRYS;12;12;Internet i Telewizja;2000;400;800;Pakiet Na Start;53;57;;;1;12;130.00;;;;;;
903;TYGRYS;12;12;Internet i Telewizja;2000;400;800;Pakiet Mikro HD;75;57;;;1;12;175.00;;;;;;
904;TYGRYS;12;12;Internet i Telewizja;2000;400;800;Pakiet Podstawowy;78;57;;;1;12;180.00;;;;;;
905;TYGRYS;12;12;Internet i Telewizja;2000;400;800;Pakiet Luz;119;129;;;1;12;179.00;;;;;;
906;TYGRYS;12;12;Internet i Telewizja;2000;400;800;Pakiet Korzystny;137;129;;;1;12;190.00;;;;;;
907;TYGRYS;12;12;Internet i Telewizja;2000;400;800;Pakiet Komfort;140;129;;;1;12;189.00;;;;;;
908;TYGRYS;12;12;Internet i Telewizja;2000;400;800;Pakiet Mini HD;142;129;;;1;12;185.00;;;;;;
909;TYGRYS;12;12;Internet i Telewizja;2000;400;800;Pakiet Bogaty;179;184;;;1;12;200.00;;;;;;
910;TYGRYS;12;12;Internet i Telewizja;2000;400;800;Pakiet Prestiż;184;184;;;1;12;209.00;;;;;;
911;TYGRYS;12;12;Internet i Telewizja;2000;400;800;Pakiet Wielotematyczny;195;184;;;1;12;200.00;;;;;;
912;TYGRYS;12;12;Internet i Telewizja;2000;400;800;Pakiet Max;220;236;;;1;12;229.00;;;;;;
913;TYGRYS;24;24;Internet i Telewizja;500;50;650;Pakiet Na Start;53;57;;;1;2;0.00;3;24;70.00;;;
914;TYGRYS;24;24;Internet i Telewizja;500;50;650;Pakiet Mikro HD;75;57;;;1;2;0.00;3;24;75.00;;;
915;TYGRYS;24;24;Internet i Telewizja;500;50;650;Pakiet Podstawowy;78;57;;;1;2;0.00;3;24;80.00;;;
916;TYGRYS;24;24;Internet i Telewizja;500;50;650;Pakiet Luz;119;129;;;1;2;0.00;3;24;79.00;;;
917;TYGRYS;24;24;Internet i Telewizja;500;50;650;Pakiet Korzystny;137;129;;;1;2;0.00;3;24;90.00;;;
918;TYGRYS;24;24;Internet i Telewizja;500;50;650;Pakiet Komfort;140;129;;;1;2;0.00;3;24;89.00;;;
919;TYGRYS;24;24;Internet i Telewizja;500;50;650;Pakiet Mini HD;142;129;;;1;2;0.00;3;24;85.00;;;
920;TYGRYS;24;24;Internet i Telewizja;500;50;650;Pakiet Bogaty;179;184;;;1;2;0.00;3;24;100.00;;;
921;TYGRYS;24;24;Internet i Telewizja;500;50;650;Pakiet Prestiż;184;184;;;1;2;0.00;3;24;109.00;;;
922;TYGRYS;24;24;Internet i Telewizja;500;50;650;Pakiet Wielotematyczny;195;184;;;1;2;0.00;3;24;100.00;;;
923;TYGRYS;24;24;Internet i Telewizja;500;50;650;Pakiet Max;220;236;;;1;2;0.00;3;24;129.00;;;
924;TYGRYS;24;24;Internet i Telewizja;500;100;650;Pakiet Na Start;53;57;;;1;2;0.00;3;24;80.00;;;
925;TYGRYS;24;24;Internet i Telewizja;500;100;650;Pakiet Mikro HD;75;57;;;1;2;0.00;3;24;85.00;;;
926;TYGRYS;24;24;Internet i Telewizja;500;100;650;Pakiet Podstawowy;78;57;;;1;2;0.00;3;24;90.00;;;
927;TYGRYS;24;24;Internet i Telewizja;500;100;650;Pakiet Luz;119;129;;;1;2;0.00;3;24;89.00;;;
928;TYGRYS;24;24;Internet i Telewizja;500;100;650;Pakiet Korzystny;137;129;;;1;2;0.00;3;24;100.00;;;
929;TYGRYS;24;24;Internet i Telewizja;500;100;650;Pakiet Komfort;140;129;;;1;2;0.00;3;24;99.00;;;
930;TYGRYS;24;24;Internet i Telewizja;500;100;650;Pakiet Mini HD;142;129;;;1;2;0.00;3;24;95.00;;;
931;TYGRYS;24;24;Internet i Telewizja;500;100;650;Pakiet Bogaty;179;184;;;1;2;0.00;3;24;110.00;;;
932;TYGRYS;24;24;Internet i Telewizja;500;100;650;Pakiet Prestiż;184;184;;;1;2;0.00;3;24;119.00;;;
933;TYGRYS;24;24;Internet i Telewizja;500;100;650;Pakiet Wielotematyczny;195;184;;;1;2;0.00;3;24;110.00;;;
934;TYGRYS;24;24;Internet i Telewizja;500;100;650;Pakiet Max;220;236;;;1;2;0.00;3;24;139.00;;;
935;TYGRYS;24;24;Internet i Telewizja;500;200;650;Pakiet Na Start;53;57;;;1;2;0.00;3;24;90.00;;;
936;TYGRYS;24;24;Internet i Telewizja;500;200;650;Pakiet Mikro HD;75;57;;;1;2;0.00;3;24;95.00;;;
937;TYGRYS;24;24;Internet i Telewizja;500;200;650;Pakiet Podstawowy;78;57;;;1;2;0.00;3;24;100.00;;;
938;TYGRYS;24;24;Internet i Telewizja;500;200;650;Pakiet Luz;119;129;;;1;2;0.00;3;24;99.00;;;
939;TYGRYS;24;24;Internet i Telewizja;500;200;650;Pakiet Korzystny;137;129;;;1;2;0.00;3;24;110.00;;;
940;TYGRYS;24;24;Internet i Telewizja;500;200;650;Pakiet Komfort;140;129;;;1;2;0.00;3;24;109.00;;;
941;TYGRYS;24;24;Internet i Telewizja;500;200;650;Pakiet Mini HD;142;129;;;1;2;0.00;3;24;105.00;;;
942;TYGRYS;24;24;Internet i Telewizja;500;200;650;Pakiet Bogaty;179;184;;;1;2;0.00;3;24;120.00;;;
943;TYGRYS;24;24;Internet i Telewizja;500;200;650;Pakiet Prestiż;184;184;;;1;2;0.00;3;24;129.00;;;
944;TYGRYS;24;24;Internet i Telewizja;500;200;650;Pakiet Wielotematyczny;195;184;;;1;2;0.00;3;24;120.00;;;
945;TYGRYS;24;24;Internet i Telewizja;500;200;650;Pakiet Max;220;236;;;1;2;0.00;3;24;149.00;;;
946;TYGRYS;24;24;Internet i Telewizja;500;400;650;Pakiet Na Start;53;57;;;1;2;0.00;3;24;100.00;;;
947;TYGRYS;24;24;Internet i Telewizja;500;400;650;Pakiet Mikro HD;75;57;;;1;2;0.00;3;24;105.00;;;
948;TYGRYS;24;24;Internet i Telewizja;500;400;650;Pakiet Podstawowy;78;57;;;1;2;0.00;3;24;110.00;;;
949;TYGRYS;24;24;Internet i Telewizja;500;400;650;Pakiet Luz;119;129;;;1;2;0.00;3;24;109.00;;;
950;TYGRYS;24;24;Internet i Telewizja;500;400;650;Pakiet Korzystny;137;129;;;1;2;0.00;3;24;120.00;;;
951;TYGRYS;24;24;Internet i Telewizja;500;400;650;Pakiet Komfort;140;129;;;1;2;0.00;3;24;119.00;;;
952;TYGRYS;24;24;Internet i Telewizja;500;400;650;Pakiet Mini HD;142;129;;;1;2;0.00;3;24;115.00;;;
953;TYGRYS;24;24;Internet i Telewizja;500;400;650;Pakiet Bogaty;179;184;;;1;2;0.00;3;24;130.00;;;
954;TYGRYS;24;24;Internet i Telewizja;500;400;650;Pakiet Prestiż;184;184;;;1;2;0.00;3;24;139.00;;;
955;TYGRYS;24;24;Internet i Telewizja;500;400;650;Pakiet Wielotematyczny;195;184;;;1;2;0.00;3;24;130.00;;;
956;TYGRYS;24;24;Internet i Telewizja;500;400;650;Pakiet Max;220;236;;;1;2;0.00;3;24;159.00;;;
957;TYGRYS;24;24;Internet i Telewizja;700;50;650;Pakiet Na Start;53;57;;;1;2;0.00;3;24;80.00;;;
958;TYGRYS;24;24;Internet i Telewizja;700;50;650;Pakiet Mikro HD;75;57;;;1;2;0.00;3;24;85.00;;;
959;TYGRYS;24;24;Internet i Telewizja;700;50;650;Pakiet Podstawowy;78;57;;;1;2;0.00;3;24;90.00;;;
960;TYGRYS;24;24;Internet i Telewizja;700;50;650;Pakiet Luz;119;129;;;1;2;0.00;3;24;89.00;;;
961;TYGRYS;24;24;Internet i Telewizja;700;50;650;Pakiet Korzystny;137;129;;;1;2;0.00;3;24;100.00;;;
962;TYGRYS;24;24;Internet i Telewizja;700;50;650;Pakiet Komfort;140;129;;;1;2;0.00;3;24;99.00;;;
963;TYGRYS;24;24;Internet i Telewizja;700;50;650;Pakiet Mini HD;142;129;;;1;2;0.00;3;24;95.00;;;
964;TYGRYS;24;24;Internet i Telewizja;700;50;650;Pakiet Bogaty;179;184;;;1;2;0.00;3;24;110.00;;;
965;TYGRYS;24;24;Internet i Telewizja;700;50;650;Pakiet Prestiż;184;184;;;1;2;0.00;3;24;119.00;;;
966;TYGRYS;24;24;Internet i Telewizja;700;50;650;Pakiet Wielotematyczny;195;184;;;1;2;0.00;3;24;110.00;;;
967;TYGRYS;24;24;Internet i Telewizja;700;50;650;Pakiet Max;220;236;;;1;2;0.00;3;24;139.00;;;
968;TYGRYS;24;24;Internet i Telewizja;700;100;650;Pakiet Na Start;53;57;;;1;2;0.00;3;24;90.00;;;
969;TYGRYS;24;24;Internet i Telewizja;700;100;650;Pakiet Mikro HD;75;57;;;1;2;0.00;3;24;95.00;;;
970;TYGRYS;24;24;Internet i Telewizja;700;100;650;Pakiet Podstawowy;78;57;;;1;2;0.00;3;24;100.00;;;
971;TYGRYS;24;24;Internet i Telewizja;700;100;650;Pakiet Luz;119;129;;;1;2;0.00;3;24;99.00;;;
972;TYGRYS;24;24;Internet i Telewizja;700;100;650;Pakiet Korzystny;137;129;;;1;2;0.00;3;24;110.00;;;
973;TYGRYS;24;24;Internet i Telewizja;700;100;650;Pakiet Komfort;140;129;;;1;2;0.00;3;24;109.00;;;
974;TYGRYS;24;24;Internet i Telewizja;700;100;650;Pakiet Mini HD;142;129;;;1;2;0.00;3;24;105.00;;;
975;TYGRYS;24;24;Internet i Telewizja;700;100;650;Pakiet Bogaty;179;184;;;1;2;0.00;3;24;120.00;;;
976;TYGRYS;24;24;Internet i Telewizja;700;100;650;Pakiet Prestiż;184;184;;;1;2;0.00;3;24;129.00;;;
977;TYGRYS;24;24;Internet i Telewizja;700;100;650;Pakiet Wielotematyczny;195;184;;;1;2;0.00;3;24;120.00;;;
978;TYGRYS;24;24;Internet i Telewizja;700;100;650;Pakiet Max;220;236;;;1;2;0.00;3;24;149.00;;;
979;TYGRYS;24;24;Internet i Telewizja;700;200;650;Pakiet Na Start;53;57;;;1;2;0.00;3;24;100.00;;;
980;TYGRYS;24;24;Internet i Telewizja;700;200;650;Pakiet Mikro HD;75;57;;;1;2;0.00;3;24;105.00;;;
981;TYGRYS;24;24;Internet i Telewizja;700;200;650;Pakiet Podstawowy;78;57;;;1;2;0.00;3;24;110.00;;;
982;TYGRYS;24;24;Internet i Telewizja;700;200;650;Pakiet Luz;119;129;;;1;2;0.00;3;24;109.00;;;
983;TYGRYS;24;24;Internet i Telewizja;700;200;650;Pakiet Korzystny;137;129;;;1;2;0.00;3;24;120.00;;;
984;TYGRYS;24;24;Internet i Telewizja;700;200;650;Pakiet Komfort;140;129;;;1;2;0.00;3;24;119.00;;;
985;TYGRYS;24;24;Internet i Telewizja;700;200;650;Pakiet Mini HD;142;129;;;1;2;0.00;3;24;115.00;;;
986;TYGRYS;24;24;Internet i Telewizja;700;200;650;Pakiet Bogaty;179;184;;;1;2;0.00;3;24;130.00;;;
987;TYGRYS;24;24;Internet i Telewizja;700;200;650;Pakiet Prestiż;184;184;;;1;2;0.00;3;24;139.00;;;
988;TYGRYS;24;24;Internet i Telewizja;700;200;650;Pakiet Wielotematyczny;195;184;;;1;2;0.00;3;24;130.00;;;
989;TYGRYS;24;24;Internet i Telewizja;700;200;650;Pakiet Max;220;236;;;1;2;0.00;3;24;159.00;;;
990;TYGRYS;24;24;Internet i Telewizja;700;400;650;Pakiet Na Start;53;57;;;1;2;0.00;3;24;110.00;;;
991;TYGRYS;24;24;Internet i Telewizja;700;400;650;Pakiet Mikro HD;75;57;;;1;2;0.00;3;24;115.00;;;
992;TYGRYS;24;24;Internet i Telewizja;700;400;650;Pakiet Podstawowy;78;57;;;1;2;0.00;3;24;120.00;;;
993;TYGRYS;24;24;Internet i Telewizja;700;400;650;Pakiet Luz;119;129;;;1;2;0.00;3;24;119.00;;;
994;TYGRYS;24;24;Internet i Telewizja;700;400;650;Pakiet Korzystny;137;129;;;1;2;0.00;3;24;130.00;;;
995;TYGRYS;24;24;Internet i Telewizja;700;400;650;Pakiet Komfort;140;129;;;1;2;0.00;3;24;129.00;;;
996;TYGRYS;24;24;Internet i Telewizja;700;400;650;Pakiet Mini HD;142;129;;;1;2;0.00;3;24;125.00;;;
997;TYGRYS;24;24;Internet i Telewizja;700;400;650;Pakiet Bogaty;179;184;;;1;2;0.00;3;24;140.00;;;
998;TYGRYS;24;24;Internet i Telewizja;700;400;650;Pakiet Prestiż;184;184;;;1;2;0.00;3;24;149.00;;;
999;TYGRYS;24;24;Internet i Telewizja;700;400;650;Pakiet Wielotematyczny;195;184;;;1;2;0.00;3;24;140.00;;;
1000;TYGRYS;24;24;Internet i Telewizja;700;400;650;Pakiet Max;220;236;;;1;2;0.00;3;24;169.00;;;
1001;TYGRYS;24;24;Internet i Telewizja;1000;50;800;Pakiet Na Start;53;57;;;1;2;0.00;3;24;90.00;;;
1002;TYGRYS;24;24;Internet i Telewizja;1000;50;800;Pakiet Mikro HD;75;57;;;1;2;0.00;3;24;95.00;;;
1003;TYGRYS;24;24;Internet i Telewizja;1000;50;800;Pakiet Podstawowy;78;57;;;1;2;0.00;3;24;100.00;;;
1004;TYGRYS;24;24;Internet i Telewizja;1000;50;800;Pakiet Luz;119;129;;;1;2;0.00;3;24;99.00;;;
1005;TYGRYS;24;24;Internet i Telewizja;1000;50;800;Pakiet Korzystny;137;129;;;1;2;0.00;3;24;110.00;;;
1006;TYGRYS;24;24;Internet i Telewizja;1000;50;800;Pakiet Komfort;140;129;;;1;2;0.00;3;24;109.00;;;
1007;TYGRYS;24;24;Internet i Telewizja;1000;50;800;Pakiet Mini HD;142;129;;;1;2;0.00;3;24;105.00;;;
1008;TYGRYS;24;24;Internet i Telewizja;1000;50;800;Pakiet Bogaty;179;184;;;1;2;0.00;3;24;120.00;;;
1009;TYGRYS;24;24;Internet i Telewizja;1000;50;800;Pakiet Prestiż;184;184;;;1;2;0.00;3;24;129.00;;;
1010;TYGRYS;24;24;Internet i Telewizja;1000;50;800;Pakiet Wielotematyczny;195;184;;;1;2;0.00;3;24;120.00;;;
1011;TYGRYS;24;24;Internet i Telewizja;1000;50;800;Pakiet Max;220;236;;;1;2;0.00;3;24;149.00;;;
1012;TYGRYS;24;24;Internet i Telewizja;1000;100;800;Pakiet Na Start;53;57;;;1;2;0.00;3;24;100.00;;;
1013;TYGRYS;24;24;Internet i Telewizja;1000;100;800;Pakiet Mikro HD;75;57;;;1;2;0.00;3;24;105.00;;;
1014;TYGRYS;24;24;Internet i Telewizja;1000;100;800;Pakiet Podstawowy;78;57;;;1;2;0.00;3;24;110.00;;;
1015;TYGRYS;24;24;Internet i Telewizja;1000;100;800;Pakiet Luz;119;129;;;1;2;0.00;3;24;109.00;;;
1016;TYGRYS;24;24;Internet i Telewizja;1000;100;800;Pakiet Korzystny;137;129;;;1;2;0.00;3;24;120.00;;;
1017;TYGRYS;24;24;Internet i Telewizja;1000;100;800;Pakiet Komfort;140;129;;;1;2;0.00;3;24;119.00;;;
1018;TYGRYS;24;24;Internet i Telewizja;1000;100;800;Pakiet Mini HD;142;129;;;1;2;0.00;3;24;115.00;;;
1019;TYGRYS;24;24;Internet i Telewizja;1000;100;800;Pakiet Bogaty;179;184;;;1;2;0.00;3;24;130.00;;;
1020;TYGRYS;24;24;Internet i Telewizja;1000;100;800;Pakiet Prestiż;184;184;;;1;2;0.00;3;24;139.00;;;
1021;TYGRYS;24;24;Internet i Telewizja;1000;100;800;Pakiet Wielotematyczny;195;184;;;1;2;0.00;3;24;130.00;;;
1022;TYGRYS;24;24;Internet i Telewizja;1000;100;800;Pakiet Max;220;236;;;1;2;0.00;3;24;159.00;;;
1023;TYGRYS;24;24;Internet i Telewizja;1000;200;800;Pakiet Na Start;53;57;;;1;2;0.00;3;24;110.00;;;
1024;TYGRYS;24;24;Internet i Telewizja;1000;200;800;Pakiet Mikro HD;75;57;;;1;2;0.00;3;24;115.00;;;
1025;TYGRYS;24;24;Internet i Telewizja;1000;200;800;Pakiet Podstawowy;78;57;;;1;2;0.00;3;24;120.00;;;
1026;TYGRYS;24;24;Internet i Telewizja;1000;200;800;Pakiet Luz;119;129;;;1;2;0.00;3;24;119.00;;;
1027;TYGRYS;24;24;Internet i Telewizja;1000;200;800;Pakiet Korzystny;137;129;;;1;2;0.00;3;24;130.00;;;
1028;TYGRYS;24;24;Internet i Telewizja;1000;200;800;Pakiet Komfort;140;129;;;1;2;0.00;3;24;129.00;;;
1029;TYGRYS;24;24;Internet i Telewizja;1000;200;800;Pakiet Mini HD;142;129;;;1;2;0.00;3;24;125.00;;;
1030;TYGRYS;24;24;Internet i Telewizja;1000;200;800;Pakiet Bogaty;179;184;;;1;2;0.00;3;24;140.00;;;
1031;TYGRYS;24;24;Internet i Telewizja;1000;200;800;Pakiet Prestiż;184;184;;;1;2;0.00;3;24;149.00;;;
1032;TYGRYS;24;24;Internet i Telewizja;1000;200;800;Pakiet Wielotematyczny;195;184;;;1;2;0.00;3;24;140.00;;;
1033;TYGRYS;24;24;Internet i Telewizja;1000;200;800;Pakiet Max;220;236;;;1;2;0.00;3;24;169.00;;;
1034;TYGRYS;24;24;Internet i Telewizja;1000;400;800;Pakiet Na Start;53;57;;;1;2;0.00;3;24;120.00;;;
1035;TYGRYS;24;24;Internet i Telewizja;1000;400;800;Pakiet Mikro HD;75;57;;;1;2;0.00;3;24;125.00;;;
1036;TYGRYS;24;24;Internet i Telewizja;1000;400;800;Pakiet Podstawowy;78;57;;;1;2;0.00;3;24;130.00;;;
1037;TYGRYS;24;24;Internet i Telewizja;1000;400;800;Pakiet Luz;119;129;;;1;2;0.00;3;24;129.00;;;
1038;TYGRYS;24;24;Internet i Telewizja;1000;400;800;Pakiet Korzystny;137;129;;;1;2;0.00;3;24;140.00;;;
1039;TYGRYS;24;24;Internet i Telewizja;1000;400;800;Pakiet Komfort;140;129;;;1;2;0.00;3;24;139.00;;;
1040;TYGRYS;24;24;Internet i Telewizja;1000;400;800;Pakiet Mini HD;142;129;;;1;2;0.00;3;24;135.00;;;
1041;TYGRYS;24;24;Internet i Telewizja;1000;400;800;Pakiet Bogaty;179;184;;;1;2;0.00;3;24;150.00;;;
1042;TYGRYS;24;24;Internet i Telewizja;1000;400;800;Pakiet Prestiż;184;184;;;1;2;0.00;3;24;159.00;;;
1043;TYGRYS;24;24;Internet i Telewizja;1000;400;800;Pakiet Wielotematyczny;195;184;;;1;2;0.00;3;24;150.00;;;
1044;TYGRYS;24;24;Internet i Telewizja;1000;400;800;Pakiet Max;220;236;;;1;2;0.00;3;24;179.00;;;
1045;TYGRYS;24;24;Internet i Telewizja;2000;50;800;Pakiet Na Start;53;57;;;1;2;0.00;3;24;90.00;;;
1046;TYGRYS;24;24;Internet i Telewizja;2000;50;800;Pakiet Mikro HD;75;57;;;1;2;0.00;3;24;135.00;;;
1047;TYGRYS;24;24;Internet i Telewizja;2000;50;800;Pakiet Podstawowy;78;57;;;1;2;0.00;3;24;140.00;;;
1048;TYGRYS;24;24;Internet i Telewizja;2000;50;800;Pakiet Luz;119;129;;;1;2;0.00;3;24;139.00;;;
1049;TYGRYS;24;24;Internet i Telewizja;2000;50;800;Pakiet Korzystny;137;129;;;1;2;0.00;3;24;150.00;;;
1050;TYGRYS;24;24;Internet i Telewizja;2000;50;800;Pakiet Komfort;140;129;;;1;2;0.00;3;24;149.00;;;
1051;TYGRYS;24;24;Internet i Telewizja;2000;50;800;Pakiet Mini HD;142;129;;;1;2;0.00;3;24;145.00;;;
1052;TYGRYS;24;24;Internet i Telewizja;2000;50;800;Pakiet Bogaty;179;184;;;1;2;0.00;3;24;160.00;;;
1053;TYGRYS;24;24;Internet i Telewizja;2000;50;800;Pakiet Prestiż;184;184;;;1;2;0.00;3;24;169.00;;;
1054;TYGRYS;24;24;Internet i Telewizja;2000;50;800;Pakiet Wielotematyczny;195;184;;;1;2;0.00;3;24;160.00;;;
1055;TYGRYS;24;24;Internet i Telewizja;2000;50;800;Pakiet Max;220;236;;;1;2;0.00;3;24;189.00;;;
1056;TYGRYS;24;24;Internet i Telewizja;2000;100;800;Pakiet Na Start;53;57;;;1;2;0.00;3;24;100.00;;;
1057;TYGRYS;24;24;Internet i Telewizja;2000;100;800;Pakiet Mikro HD;75;57;;;1;2;0.00;3;24;145.00;;;
1058;TYGRYS;24;24;Internet i Telewizja;2000;100;800;Pakiet Podstawowy;78;57;;;1;2;0.00;3;24;150.00;;;
1059;TYGRYS;24;24;Internet i Telewizja;2000;100;800;Pakiet Luz;119;129;;;1;2;0.00;3;24;149.00;;;
1060;TYGRYS;24;24;Internet i Telewizja;2000;100;800;Pakiet Korzystny;137;129;;;1;2;0.00;3;24;160.00;;;
1061;TYGRYS;24;24;Internet i Telewizja;2000;100;800;Pakiet Komfort;140;129;;;1;2;0.00;3;24;159.00;;;
1062;TYGRYS;24;24;Internet i Telewizja;2000;100;800;Pakiet Mini HD;142;129;;;1;2;0.00;3;24;155.00;;;
1063;TYGRYS;24;24;Internet i Telewizja;2000;100;800;Pakiet Bogaty;179;184;;;1;2;0.00;3;24;170.00;;;
1064;TYGRYS;24;24;Internet i Telewizja;2000;100;800;Pakiet Prestiż;184;184;;;1;2;0.00;3;24;179.00;;;
1065;TYGRYS;24;24;Internet i Telewizja;2000;100;800;Pakiet Wielotematyczny;195;184;;;1;2;0.00;3;24;170.00;;;
1066;TYGRYS;24;24;Internet i Telewizja;2000;100;800;Pakiet Max;220;236;;;1;2;0.00;3;24;199.00;;;
1067;TYGRYS;24;24;Internet i Telewizja;2000;200;800;Pakiet Na Start;53;57;;;1;2;0.00;3;24;110.00;;;
1068;TYGRYS;24;24;Internet i Telewizja;2000;200;800;Pakiet Mikro HD;75;57;;;1;2;0.00;3;24;155.00;;;
1069;TYGRYS;24;24;Internet i Telewizja;2000;200;800;Pakiet Podstawowy;78;57;;;1;2;0.00;3;24;160.00;;;
1070;TYGRYS;24;24;Internet i Telewizja;2000;200;800;Pakiet Luz;119;129;;;1;2;0.00;3;24;159.00;;;
1071;TYGRYS;24;24;Internet i Telewizja;2000;200;800;Pakiet Korzystny;137;129;;;1;2;0.00;3;24;170.00;;;
1072;TYGRYS;24;24;Internet i Telewizja;2000;200;800;Pakiet Komfort;140;129;;;1;2;0.00;3;24;169.00;;;
1073;TYGRYS;24;24;Internet i Telewizja;2000;200;800;Pakiet Mini HD;142;129;;;1;2;0.00;3;24;165.00;;;
1074;TYGRYS;24;24;Internet i Telewizja;2000;200;800;Pakiet Bogaty;179;184;;;1;2;0.00;3;24;180.00;;;
1075;TYGRYS;24;24;Internet i Telewizja;2000;200;800;Pakiet Prestiż;184;184;;;1;2;0.00;3;24;189.00;;;
1076;TYGRYS;24;24;Internet i Telewizja;2000;200;800;Pakiet Wielotematyczny;195;184;;;1;2;0.00;3;24;180.00;;;
1077;TYGRYS;24;24;Internet i Telewizja;2000;200;800;Pakiet Max;220;236;;;1;2;0.00;3;24;209.00;;;
1078;TYGRYS;24;24;Internet i Telewizja;2000;400;800;Pakiet Na Start;53;57;;;1;2;0.00;3;24;120.00;;;
1079;TYGRYS;24;24;Internet i Telewizja;2000;400;800;Pakiet Mikro HD;75;57;;;1;2;0.00;3;24;165.00;;;
1080;TYGRYS;24;24;Internet i Telewizja;2000;400;800;Pakiet Podstawowy;78;57;;;1;2;0.00;3;24;170.00;;;
1081;TYGRYS;24;24;Internet i Telewizja;2000;400;800;Pakiet Luz;119;129;;;1;2;0.00;3;24;169.00;;;
1082;TYGRYS;24;24;Internet i Telewizja;2000;400;800;Pakiet Korzystny;137;129;;;1;2;0.00;3;24;180.00;;;
1083;TYGRYS;24;24;Internet i Telewizja;2000;400;800;Pakiet Komfort;140;129;;;1;2;0.00;3;24;179.00;;;
1084;TYGRYS;24;24;Internet i Telewizja;2000;400;800;Pakiet Mini HD;142;129;;;1;2;0.00;3;24;175.00;;;
1085;TYGRYS;24;24;Internet i Telewizja;2000;400;800;Pakiet Bogaty;179;184;;;1;2;0.00;3;24;190.00;;;
1086;TYGRYS;24;24;Internet i Telewizja;2000;400;800;Pakiet Prestiż;184;184;;;1;2;0.00;3;24;199.00;;;
1087;TYGRYS;24;24;Internet i Telewizja;2000;400;800;Pakiet Wielotematyczny;195;184;;;1;2;0.00;3;24;190.00;;;
1088;TYGRYS;24;24;Internet i Telewizja;2000;400;800;Pakiet Max;220;236;;;1;2;0.00;3;24;219.00;;;
1089;TYGRYS;999;999;Internet i Telewizja;500;50;650;Pakiet Na Start;53;57;;;1;999;90.00;;;;;;
1090;TYGRYS;999;999;Internet i Telewizja;500;50;650;Pakiet Mikro HD;75;57;;;1;999;95.00;;;;;;
1091;TYGRYS;999;999;Internet i Telewizja;500;50;650;Pakiet Podstawowy;78;57;;;1;999;100.00;;;;;;
1092;TYGRYS;999;999;Internet i Telewizja;500;50;650;Pakiet Luz;119;129;;;1;999;99.00;;;;;;
1093;TYGRYS;999;999;Internet i Telewizja;500;50;650;Pakiet Korzystny;137;129;;;1;999;110.00;;;;;;
1094;TYGRYS;999;999;Internet i Telewizja;500;50;650;Pakiet Komfort;140;129;;;1;999;109.00;;;;;;
1095;TYGRYS;999;999;Internet i Telewizja;500;50;650;Pakiet Mini HD;142;129;;;1;999;105.00;;;;;;
1096;TYGRYS;999;999;Internet i Telewizja;500;50;650;Pakiet Bogaty;179;184;;;1;999;120.00;;;;;;
1097;TYGRYS;999;999;Internet i Telewizja;500;50;650;Pakiet Prestiż;184;184;;;1;999;129.00;;;;;;
1098;TYGRYS;999;999;Internet i Telewizja;500;50;650;Pakiet Wielotematyczny;195;184;;;1;999;120.00;;;;;;
1099;TYGRYS;999;999;Internet i Telewizja;500;50;650;Pakiet Max;220;236;;;1;999;149.00;;;;;;
1100;TYGRYS;999;999;Internet i Telewizja;500;100;650;Pakiet Na Start;53;57;;;1;999;100.00;;;;;;
1101;TYGRYS;999;999;Internet i Telewizja;500;100;650;Pakiet Mikro HD;75;57;;;1;999;105.00;;;;;;
1102;TYGRYS;999;999;Internet i Telewizja;500;100;650;Pakiet Podstawowy;78;57;;;1;999;110.00;;;;;;
1103;TYGRYS;999;999;Internet i Telewizja;500;100;650;Pakiet Luz;119;129;;;1;999;109.00;;;;;;
1104;TYGRYS;999;999;Internet i Telewizja;500;100;650;Pakiet Korzystny;137;129;;;1;999;120.00;;;;;;
1105;TYGRYS;999;999;Internet i Telewizja;500;100;650;Pakiet Komfort;140;129;;;1;999;119.00;;;;;;
1106;TYGRYS;999;999;Internet i Telewizja;500;100;650;Pakiet Mini HD;142;129;;;1;999;115.00;;;;;;
1107;TYGRYS;999;999;Internet i Telewizja;500;100;650;Pakiet Bogaty;179;184;;;1;999;130.00;;;;;;
1108;TYGRYS;999;999;Internet i Telewizja;500;100;650;Pakiet Prestiż;184;184;;;1;999;139.00;;;;;;
1109;TYGRYS;999;999;Internet i Telewizja;500;100;650;Pakiet Wielotematyczny;195;184;;;1;999;130.00;;;;;;
1110;TYGRYS;999;999;Internet i Telewizja;500;100;650;Pakiet Max;220;236;;;1;999;159.00;;;;;;
1111;TYGRYS;999;999;Internet i Telewizja;500;200;650;Pakiet Na Start;53;57;;;1;999;110.00;;;;;;
1112;TYGRYS;999;999;Internet i Telewizja;500;200;650;Pakiet Mikro HD;75;57;;;1;999;115.00;;;;;;
1113;TYGRYS;999;999;Internet i Telewizja;500;200;650;Pakiet Podstawowy;78;57;;;1;999;120.00;;;;;;
1114;TYGRYS;999;999;Internet i Telewizja;500;200;650;Pakiet Luz;119;129;;;1;999;119.00;;;;;;
1115;TYGRYS;999;999;Internet i Telewizja;500;200;650;Pakiet Korzystny;137;129;;;1;999;130.00;;;;;;
1116;TYGRYS;999;999;Internet i Telewizja;500;200;650;Pakiet Komfort;140;129;;;1;999;129.00;;;;;;
1117;TYGRYS;999;999;Internet i Telewizja;500;200;650;Pakiet Mini HD;142;129;;;1;999;125.00;;;;;;
1118;TYGRYS;999;999;Internet i Telewizja;500;200;650;Pakiet Bogaty;179;184;;;1;999;140.00;;;;;;
1119;TYGRYS;999;999;Internet i Telewizja;500;200;650;Pakiet Prestiż;184;184;;;1;999;149.00;;;;;;
1120;TYGRYS;999;999;Internet i Telewizja;500;200;650;Pakiet Wielotematyczny;195;184;;;1;999;140.00;;;;;;
1121;TYGRYS;999;999;Internet i Telewizja;500;200;650;Pakiet Max;220;236;;;1;999;169.00;;;;;;
1122;TYGRYS;999;999;Internet i Telewizja;500;400;650;Pakiet Na Start;53;57;;;1;999;120.00;;;;;;
1123;TYGRYS;999;999;Internet i Telewizja;500;400;650;Pakiet Mikro HD;75;57;;;1;999;125.00;;;;;;
1124;TYGRYS;999;999;Internet i Telewizja;500;400;650;Pakiet Podstawowy;78;57;;;1;999;130.00;;;;;;
1125;TYGRYS;999;999;Internet i Telewizja;500;400;650;Pakiet Luz;119;129;;;1;999;129.00;;;;;;
1126;TYGRYS;999;999;Internet i Telewizja;500;400;650;Pakiet Korzystny;137;129;;;1;999;140.00;;;;;;
1127;TYGRYS;999;999;Internet i Telewizja;500;400;650;Pakiet Komfort;140;129;;;1;999;139.00;;;;;;
1128;TYGRYS;999;999;Internet i Telewizja;500;400;650;Pakiet Mini HD;142;129;;;1;999;135.00;;;;;;
1129;TYGRYS;999;999;Internet i Telewizja;500;400;650;Pakiet Bogaty;179;184;;;1;999;150.00;;;;;;
1130;TYGRYS;999;999;Internet i Telewizja;500;400;650;Pakiet Prestiż;184;184;;;1;999;159.00;;;;;;
1131;TYGRYS;999;999;Internet i Telewizja;500;400;650;Pakiet Wielotematyczny;195;184;;;1;999;150.00;;;;;;
1132;TYGRYS;999;999;Internet i Telewizja;500;400;650;Pakiet Max;220;236;;;1;999;179.00;;;;;;
1133;TYGRYS;999;999;Internet i Telewizja;700;50;650;Pakiet Na Start;53;57;;;1;999;100.00;;;;;;
1134;TYGRYS;999;999;Internet i Telewizja;700;50;650;Pakiet Mikro HD;75;57;;;1;999;105.00;;;;;;
1135;TYGRYS;999;999;Internet i Telewizja;700;50;650;Pakiet Podstawowy;78;57;;;1;999;110.00;;;;;;
1136;TYGRYS;999;999;Internet i Telewizja;700;50;650;Pakiet Luz;119;129;;;1;999;109.00;;;;;;
1137;TYGRYS;999;999;Internet i Telewizja;700;50;650;Pakiet Korzystny;137;129;;;1;999;120.00;;;;;;
1138;TYGRYS;999;999;Internet i Telewizja;700;50;650;Pakiet Komfort;140;129;;;1;999;119.00;;;;;;
1139;TYGRYS;999;999;Internet i Telewizja;700;50;650;Pakiet Mini HD;142;129;;;1;999;115.00;;;;;;
1140;TYGRYS;999;999;Internet i Telewizja;700;50;650;Pakiet Bogaty;179;184;;;1;999;130.00;;;;;;
1141;TYGRYS;999;999;Internet i Telewizja;700;50;650;Pakiet Prestiż;184;184;;;1;999;139.00;;;;;;
1142;TYGRYS;999;999;Internet i Telewizja;700;50;650;Pakiet Wielotematyczny;195;184;;;1;999;130.00;;;;;;
1143;TYGRYS;999;999;Internet i Telewizja;700;50;650;Pakiet Max;220;236;;;1;999;159.00;;;;;;
1144;TYGRYS;999;999;Internet i Telewizja;700;100;650;Pakiet Na Start;53;57;;;1;999;110.00;;;;;;
1145;TYGRYS;999;999;Internet i Telewizja;700;100;650;Pakiet Mikro HD;75;57;;;1;999;115.00;;;;;;
1146;TYGRYS;999;999;Internet i Telewizja;700;100;650;Pakiet Podstawowy;78;57;;;1;999;120.00;;;;;;
1147;TYGRYS;999;999;Internet i Telewizja;700;100;650;Pakiet Luz;119;129;;;1;999;119.00;;;;;;
1148;TYGRYS;999;999;Internet i Telewizja;700;100;650;Pakiet Korzystny;137;129;;;1;999;130.00;;;;;;
1149;TYGRYS;999;999;Internet i Telewizja;700;100;650;Pakiet Komfort;140;129;;;1;999;129.00;;;;;;
1150;TYGRYS;999;999;Internet i Telewizja;700;100;650;Pakiet Mini HD;142;129;;;1;999;125.00;;;;;;
1151;TYGRYS;999;999;Internet i Telewizja;700;100;650;Pakiet Bogaty;179;184;;;1;999;140.00;;;;;;
1152;TYGRYS;999;999;Internet i Telewizja;700;100;650;Pakiet Prestiż;184;184;;;1;999;149.00;;;;;;
1153;TYGRYS;999;999;Internet i Telewizja;700;100;650;Pakiet Wielotematyczny;195;184;;;1;999;140.00;;;;;;
1154;TYGRYS;999;999;Internet i Telewizja;700;100;650;Pakiet Max;220;236;;;1;999;169.00;;;;;;
1155;TYGRYS;999;999;Internet i Telewizja;700;200;650;Pakiet Na Start;53;57;;;1;999;120.00;;;;;;
1156;TYGRYS;999;999;Internet i Telewizja;700;200;650;Pakiet Mikro HD;75;57;;;1;999;125.00;;;;;;
1157;TYGRYS;999;999;Internet i Telewizja;700;200;650;Pakiet Podstawowy;78;57;;;1;999;130.00;;;;;;
1158;TYGRYS;999;999;Internet i Telewizja;700;200;650;Pakiet Luz;119;129;;;1;999;129.00;;;;;;
1159;TYGRYS;999;999;Internet i Telewizja;700;200;650;Pakiet Korzystny;137;129;;;1;999;140.00;;;;;;
1160;TYGRYS;999;999;Internet i Telewizja;700;200;650;Pakiet Komfort;140;129;;;1;999;139.00;;;;;;
1161;TYGRYS;999;999;Internet i Telewizja;700;200;650;Pakiet Mini HD;142;129;;;1;999;135.00;;;;;;
1162;TYGRYS;999;999;Internet i Telewizja;700;200;650;Pakiet Bogaty;179;184;;;1;999;150.00;;;;;;
1163;TYGRYS;999;999;Internet i Telewizja;700;200;650;Pakiet Prestiż;184;184;;;1;999;159.00;;;;;;
1164;TYGRYS;999;999;Internet i Telewizja;700;200;650;Pakiet Wielotematyczny;195;184;;;1;999;150.00;;;;;;
1165;TYGRYS;999;999;Internet i Telewizja;700;200;650;Pakiet Max;220;236;;;1;999;179.00;;;;;;
1166;TYGRYS;999;999;Internet i Telewizja;700;400;650;Pakiet Na Start;53;57;;;1;999;130.00;;;;;;
1167;TYGRYS;999;999;Internet i Telewizja;700;400;650;Pakiet Mikro HD;75;57;;;1;999;135.00;;;;;;
1168;TYGRYS;999;999;Internet i Telewizja;700;400;650;Pakiet Podstawowy;78;57;;;1;999;140.00;;;;;;
1169;TYGRYS;999;999;Internet i Telewizja;700;400;650;Pakiet Luz;119;129;;;1;999;139.00;;;;;;
1170;TYGRYS;999;999;Internet i Telewizja;700;400;650;Pakiet Korzystny;137;129;;;1;999;150.00;;;;;;
1171;TYGRYS;999;999;Internet i Telewizja;700;400;650;Pakiet Komfort;140;129;;;1;999;149.00;;;;;;
1172;TYGRYS;999;999;Internet i Telewizja;700;400;650;Pakiet Mini HD;142;129;;;1;999;145.00;;;;;;
1173;TYGRYS;999;999;Internet i Telewizja;700;400;650;Pakiet Bogaty;179;184;;;1;999;160.00;;;;;;
1174;TYGRYS;999;999;Internet i Telewizja;700;400;650;Pakiet Prestiż;184;184;;;1;999;169.00;;;;;;
1175;TYGRYS;999;999;Internet i Telewizja;700;400;650;Pakiet Wielotematyczny;195;184;;;1;999;160.00;;;;;;
1176;TYGRYS;999;999;Internet i Telewizja;700;400;650;Pakiet Max;220;236;;;1;999;189.00;;;;;;
1177;TYGRYS;999;999;Internet i Telewizja;1000;50;800;Pakiet Na Start;53;57;;;1;999;110.00;;;;;;
1178;TYGRYS;999;999;Internet i Telewizja;1000;50;800;Pakiet Mikro HD;75;57;;;1;999;115.00;;;;;;
1179;TYGRYS;999;999;Internet i Telewizja;1000;50;800;Pakiet Podstawowy;78;57;;;1;999;120.00;;;;;;
1180;TYGRYS;999;999;Internet i Telewizja;1000;50;800;Pakiet Luz;119;129;;;1;999;119.00;;;;;;
1181;TYGRYS;999;999;Internet i Telewizja;1000;50;800;Pakiet Korzystny;137;129;;;1;999;130.00;;;;;;
1182;TYGRYS;999;999;Internet i Telewizja;1000;50;800;Pakiet Komfort;140;129;;;1;999;129.00;;;;;;
1183;TYGRYS;999;999;Internet i Telewizja;1000;50;800;Pakiet Mini HD;142;129;;;1;999;125.00;;;;;;
1184;TYGRYS;999;999;Internet i Telewizja;1000;50;800;Pakiet Bogaty;179;184;;;1;999;140.00;;;;;;
1185;TYGRYS;999;999;Internet i Telewizja;1000;50;800;Pakiet Prestiż;184;184;;;1;999;149.00;;;;;;
1186;TYGRYS;999;999;Internet i Telewizja;1000;50;800;Pakiet Wielotematyczny;195;184;;;1;999;140.00;;;;;;
1187;TYGRYS;999;999;Internet i Telewizja;1000;50;800;Pakiet Max;220;236;;;1;999;169.00;;;;;;
1188;TYGRYS;999;999;Internet i Telewizja;1000;100;800;Pakiet Na Start;53;57;;;1;999;120.00;;;;;;
1189;TYGRYS;999;999;Internet i Telewizja;1000;100;800;Pakiet Mikro HD;75;57;;;1;999;125.00;;;;;;
1190;TYGRYS;999;999;Internet i Telewizja;1000;100;800;Pakiet Podstawowy;78;57;;;1;999;130.00;;;;;;
1191;TYGRYS;999;999;Internet i Telewizja;1000;100;800;Pakiet Luz;119;129;;;1;999;129.00;;;;;;
1192;TYGRYS;999;999;Internet i Telewizja;1000;100;800;Pakiet Korzystny;137;129;;;1;999;140.00;;;;;;
1193;TYGRYS;999;999;Internet i Telewizja;1000;100;800;Pakiet Komfort;140;129;;;1;999;139.00;;;;;;
1194;TYGRYS;999;999;Internet i Telewizja;1000;100;800;Pakiet Mini HD;142;129;;;1;999;135.00;;;;;;
1195;TYGRYS;999;999;Internet i Telewizja;1000;100;800;Pakiet Bogaty;179;184;;;1;999;150.00;;;;;;
1196;TYGRYS;999;999;Internet i Telewizja;1000;100;800;Pakiet Prestiż;184;184;;;1;999;159.00;;;;;;
1197;TYGRYS;999;999;Internet i Telewizja;1000;100;800;Pakiet Wielotematyczny;195;184;;;1;999;150.00;;;;;;
1198;TYGRYS;999;999;Internet i Telewizja;1000;100;800;Pakiet Max;220;236;;;1;999;179.00;;;;;;
1199;TYGRYS;999;999;Internet i Telewizja;1000;200;800;Pakiet Na Start;53;57;;;1;999;130.00;;;;;;
1200;TYGRYS;999;999;Internet i Telewizja;1000;200;800;Pakiet Mikro HD;75;57;;;1;999;135.00;;;;;;
1201;TYGRYS;999;999;Internet i Telewizja;1000;200;800;Pakiet Podstawowy;78;57;;;1;999;140.00;;;;;;
1202;TYGRYS;999;999;Internet i Telewizja;1000;200;800;Pakiet Luz;119;129;;;1;999;139.00;;;;;;
1203;TYGRYS;999;999;Internet i Telewizja;1000;200;800;Pakiet Korzystny;137;129;;;1;999;150.00;;;;;;
1204;TYGRYS;999;999;Internet i Telewizja;1000;200;800;Pakiet Komfort;140;129;;;1;999;149.00;;;;;;
1205;TYGRYS;999;999;Internet i Telewizja;1000;200;800;Pakiet Mini HD;142;129;;;1;999;145.00;;;;;;
1206;TYGRYS;999;999;Internet i Telewizja;1000;200;800;Pakiet Bogaty;179;184;;;1;999;160.00;;;;;;
1207;TYGRYS;999;999;Internet i Telewizja;1000;200;800;Pakiet Prestiż;184;184;;;1;999;169.00;;;;;;
1208;TYGRYS;999;999;Internet i Telewizja;1000;200;800;Pakiet Wielotematyczny;195;184;;;1;999;160.00;;;;;;
1209;TYGRYS;999;999;Internet i Telewizja;1000;200;800;Pakiet Max;220;236;;;1;999;189.00;;;;;;
1210;TYGRYS;999;999;Internet i Telewizja;1000;400;800;Pakiet Na Start;53;57;;;1;999;140.00;;;;;;
1211;TYGRYS;999;999;Internet i Telewizja;1000;400;800;Pakiet Mikro HD;75;57;;;1;999;145.00;;;;;;
1212;TYGRYS;999;999;Internet i Telewizja;1000;400;800;Pakiet Podstawowy;78;57;;;1;999;150.00;;;;;;
1213;TYGRYS;999;999;Internet i Telewizja;1000;400;800;Pakiet Luz;119;129;;;1;999;149.00;;;;;;
1214;TYGRYS;999;999;Internet i Telewizja;1000;400;800;Pakiet Korzystny;137;129;;;1;999;160.00;;;;;;
1215;TYGRYS;999;999;Internet i Telewizja;1000;400;800;Pakiet Komfort;140;129;;;1;999;159.00;;;;;;
1216;TYGRYS;999;999;Internet i Telewizja;1000;400;800;Pakiet Mini HD;142;129;;;1;999;155.00;;;;;;
1217;TYGRYS;999;999;Internet i Telewizja;1000;400;800;Pakiet Bogaty;179;184;;;1;999;170.00;;;;;;
1218;TYGRYS;999;999;Internet i Telewizja;1000;400;800;Pakiet Prestiż;184;184;;;1;999;179.00;;;;;;
1219;TYGRYS;999;999;Internet i Telewizja;1000;400;800;Pakiet Wielotematyczny;195;184;;;1;999;170.00;;;;;;
1220;TYGRYS;999;999;Internet i Telewizja;1000;400;800;Pakiet Max;220;236;;;1;999;199.00;;;;;;
1221;TYGRYS;999;999;Internet i Telewizja;2000;50;800;Pakiet Na Start;53;57;;;1;999;110.00;;;;;;
1222;TYGRYS;999;999;Internet i Telewizja;2000;50;800;Pakiet Mikro HD;75;57;;;1;999;155.00;;;;;;
1223;TYGRYS;999;999;Internet i Telewizja;2000;50;800;Pakiet Podstawowy;78;57;;;1;999;160.00;;;;;;
1224;TYGRYS;999;999;Internet i Telewizja;2000;50;800;Pakiet Luz;119;129;;;1;999;159.00;;;;;;
1225;TYGRYS;999;999;Internet i Telewizja;2000;50;800;Pakiet Korzystny;137;129;;;1;999;170.00;;;;;;
1226;TYGRYS;999;999;Internet i Telewizja;2000;50;800;Pakiet Komfort;140;129;;;1;999;169.00;;;;;;
1227;TYGRYS;999;999;Internet i Telewizja;2000;50;800;Pakiet Mini HD;142;129;;;1;999;165.00;;;;;;
1228;TYGRYS;999;999;Internet i Telewizja;2000;50;800;Pakiet Bogaty;179;184;;;1;999;180.00;;;;;;
1229;TYGRYS;999;999;Internet i Telewizja;2000;50;800;Pakiet Prestiż;184;184;;;1;999;189.00;;;;;;
1230;TYGRYS;999;999;Internet i Telewizja;2000;50;800;Pakiet Wielotematyczny;195;184;;;1;999;180.00;;;;;;
1231;TYGRYS;999;999;Internet i Telewizja;2000;50;800;Pakiet Max;220;236;;;1;999;209.00;;;;;;
1232;TYGRYS;999;999;Internet i Telewizja;2000;100;800;Pakiet Na Start;53;57;;;1;999;120.00;;;;;;
1233;TYGRYS;999;999;Internet i Telewizja;2000;100;800;Pakiet Mikro HD;75;57;;;1;999;165.00;;;;;;
1234;TYGRYS;999;999;Internet i Telewizja;2000;100;800;Pakiet Podstawowy;78;57;;;1;999;170.00;;;;;;
1235;TYGRYS;999;999;Internet i Telewizja;2000;100;800;Pakiet Luz;119;129;;;1;999;169.00;;;;;;
1236;TYGRYS;999;999;Internet i Telewizja;2000;100;800;Pakiet Korzystny;137;129;;;1;999;180.00;;;;;;
1237;TYGRYS;999;999;Internet i Telewizja;2000;100;800;Pakiet Komfort;140;129;;;1;999;179.00;;;;;;
1238;TYGRYS;999;999;Internet i Telewizja;2000;100;800;Pakiet Mini HD;142;129;;;1;999;175.00;;;;;;
1239;TYGRYS;999;999;Internet i Telewizja;2000;100;800;Pakiet Bogaty;179;184;;;1;999;190.00;;;;;;
1240;TYGRYS;999;999;Internet i Telewizja;2000;100;800;Pakiet Prestiż;184;184;;;1;999;199.00;;;;;;
1241;TYGRYS;999;999;Internet i Telewizja;2000;100;800;Pakiet Wielotematyczny;195;184;;;1;999;190.00;;;;;;
1242;TYGRYS;999;999;Internet i Telewizja;2000;100;800;Pakiet Max;220;236;;;1;999;219.00;;;;;;
1243;TYGRYS;999;999;Internet i Telewizja;2000;200;800;Pakiet Na Start;53;57;;;1;999;130.00;;;;;;
1244;TYGRYS;999;999;Internet i Telewizja;2000;200;800;Pakiet Mikro HD;75;57;;;1;999;175.00;;;;;;
1245;TYGRYS;999;999;Internet i Telewizja;2000;200;800;Pakiet Podstawowy;78;57;;;1;999;180.00;;;;;;
1246;TYGRYS;999;999;Internet i Telewizja;2000;200;800;Pakiet Luz;119;129;;;1;999;179.00;;;;;;
1247;TYGRYS;999;999;Internet i Telewizja;2000;200;800;Pakiet Korzystny;137;129;;;1;999;190.00;;;;;;
1248;TYGRYS;999;999;Internet i Telewizja;2000;200;800;Pakiet Komfort;140;129;;;1;999;189.00;;;;;;
1249;TYGRYS;999;999;Internet i Telewizja;2000;200;800;Pakiet Mini HD;142;129;;;1;999;185.00;;;;;;
1250;TYGRYS;999;999;Internet i Telewizja;2000;200;800;Pakiet Bogaty;179;184;;;1;999;200.00;;;;;;
1251;TYGRYS;999;999;Internet i Telewizja;2000;200;800;Pakiet Prestiż;184;184;;;1;999;209.00;;;;;;
1252;TYGRYS;999;999;Internet i Telewizja;2000;200;800;Pakiet Wielotematyczny;195;184;;;1;999;200.00;;;;;;
1253;TYGRYS;999;999;Internet i Telewizja;2000;200;800;Pakiet Max;220;236;;;1;999;229.00;;;;;;
1254;TYGRYS;999;999;Internet i Telewizja;2000;400;800;Pakiet Na Start;53;57;;;1;999;140.00;;;;;;
1255;TYGRYS;999;999;Internet i Telewizja;2000;400;800;Pakiet Mikro HD;75;57;;;1;999;185.00;;;;;;
1256;TYGRYS;999;999;Internet i Telewizja;2000;400;800;Pakiet Podstawowy;78;57;;;1;999;190.00;;;;;;
1257;TYGRYS;999;999;Internet i Telewizja;2000;400;800;Pakiet Luz;119;129;;;1;999;189.00;;;;;;
1258;TYGRYS;999;999;Internet i Telewizja;2000;400;800;Pakiet Korzystny;137;129;;;1;999;200.00;;;;;;
1259;TYGRYS;999;999;Internet i Telewizja;2000;400;800;Pakiet Komfort;140;129;;;1;999;199.00;;;;;;
1260;TYGRYS;999;999;Internet i Telewizja;2000;400;800;Pakiet Mini HD;142;129;;;1;999;195.00;;;;;;
1261;TYGRYS;999;999;Internet i Telewizja;2000;400;800;Pakiet Bogaty;179;184;;;1;999;210.00;;;;;;
1262;TYGRYS;999;999;Internet i Telewizja;2000;400;800;Pakiet Prestiż;184;184;;;1;999;219.00;;;;;;
1263;TYGRYS;999;999;Internet i Telewizja;2000;400;800;Pakiet Wielotematyczny;195;184;;;1;999;210.00;;;;;;
1264;TYGRYS;999;999;Internet i Telewizja;2000;400;800;Pakiet Max;220;236;;;1;999;239.00;;;;;;
1265;LIMES;23;24;Internet i Telewizja;240;240;300;Oszczędny HD;140;129;;;1;23;65.00;;;;;;
1266;LIMES;23;24;Internet i Telewizja;240;240;300;Wielotematyczny HD;178;184;;;1;23;85.00;;;;;;
1267;LIMES;23;24;Internet i Telewizja;400;400;300;Oszczędny HD;140;129;;;1;23;75.00;;;;;;
1268;LIMES;23;24;Internet i Telewizja;400;400;300;Wielotematyczny HD;178;184;;;1;23;95.00;;;;;;
1269;TELKAB;23;24;Internet i Telewizja;300;100;300;Cyfrowy Start HD;56;57;;;1;23;79.00;;;;;;
1270;TELKAB;23;24;Internet i Telewizja;300;100;300;Cyfrowy 1 HD;125;129;;;1;5;79.00;6;23;99.00;;;
1271;TELKAB;23;24;Internet i Telewizja;300;100;300;Cyfrowy 2 HD;174;184;;;1;5;79.00;6;23;115.00;;;
1272;TELKAB;23;24;Internet i Telewizja;600;150;650;Cyfrowy Start HD;56;57;;;1;23;89.00;;;;;;
1273;TELKAB;23;24;Internet i Telewizja;600;150;650;Cyfrowy 1 HD;125;129;;;1;5;89.00;6;23;109.00;;;
1274;TELKAB;23;24;Internet i Telewizja;600;150;650;Cyfrowy 2 HD;174;184;;;1;5;89.00;6;23;125.00;;;
1275;VOLTA;12;12;Internet i Telewizja;200;30;120;Pakiet PODSTAWOWY;140;129;;;1;12;159.00;;;;;;
1276;VOLTA;12;12;Internet i Telewizja;300;40;300;Pakiet PODSTAWOWY;140;129;;;1;12;159.00;;;;;;
1277;VOLTA;12;12;Internet i Telewizja;500;50;650;Pakiet PEŁNY;168;184;;;1;12;219.00;;;;;;
1278;VOLTA;24;24;Internet i Telewizja;200;30;120;Pakiet PODSTAWOWY;140;129;;;1;24;139.00;;;;;;
1279;VOLTA;24;24;Internet i Telewizja;300;40;300;Pakiet PODSTAWOWY;140;129;;;1;24;139.00;;;;;;
1280;VOLTA;24;24;Internet i Telewizja;500;50;650;Pakiet PEŁNY;168;184;;;1;24;199.00;;;;;;
1281;VOLTA;999;999;Internet i Telewizja;200;30;120;Pakiet PODSTAWOWY;140;129;;;1;999;318.00;;;;;;
1282;VOLTA;999;999;Internet i Telewizja;300;40;300;Pakiet PODSTAWOWY;140;129;;;1;999;318.00;;;;;;
1283;VOLTA;999;999;Internet i Telewizja;500;50;650;Pakiet PEŁNY;168;184;;;1;999;438.00;;;;;;
1284;VOLTA;12;12;HFC i Telewizja;200;30;120;Pakiet PODSTAWOWY;140;129;;;1;12;99.00;;;;;;
1285;VOLTA;12;12;HFC i Telewizja;500;50;650;Pakiet PODSTAWOWY;140;129;;;1;12;109.00;;;;;;
1286;VOLTA;12;12;HFC i Telewizja;500;50;650;Pakiet PEŁNY;168;184;;;1;12;129.00;;;;;;
1287;VOLTA;24;24;HFC i Telewizja;200;30;120;Pakiet PODSTAWOWY;140;129;;;1;24;79.00;;;;;;
1288;VOLTA;24;24;HFC i Telewizja;500;40;650;Pakiet PODSTAWOWY;140;129;;;1;24;89.00;;;;;;
1289;VOLTA;24;24;HFC i Telewizja;500;50;650;Pakiet PEŁNY;168;184;;;1;24;99.00;;;;;;
1290;VOLTA;999;999;HFC i Telewizja;200;30;120;Pakiet PODSTAWOWY;140;129;;;1;999;198.00;;;;;;
1291;VOLTA;999;999;HFC i Telewizja;500;50;650;Pakiet PODSTAWOWY;140;129;;;1;999;218.00;;;;;;
1292;VOLTA;999;999;HFC i Telewizja;500;50;650;Pakiet PEŁNY;168;184;;;1;999;258.00;;;;;;
1293;VOLTA;12;12;HFC/LAN i Telewizja;300;40;300;Pakiet PODSTAWOWY;140;129;;;1;12;99.00;;;;;;
1294;VOLTA;12;12;HFC/LAN i Telewizja;500;50;650;Pakiet PODSTAWOWY;140;129;;;1;12;109.00;;;;;;
1295;VOLTA;12;12;HFC/LAN i Telewizja;600;60;650;Pakiet PEŁNY;168;184;;;1;12;129.00;;;;;;
1296;VOLTA;24;24;HFC/LAN i Telewizja;300;40;300;Pakiet PODSTAWOWY;140;129;;;1;24;79.00;;;;;;
1297;VOLTA;24;24;HFC/LAN i Telewizja;500;50;650;Pakiet PODSTAWOWY;140;129;;;1;24;89.00;;;;;;
1298;VOLTA;24;24;HFC/LAN i Telewizja;600;60;650;Pakiet PEŁNY;168;184;;;1;24;99.00;;;;;;
1299;VOLTA;999;999;HFC/LAN i Telewizja;300;40;300;Pakiet PODSTAWOWY;140;129;;;1;999;198.00;;;;;;
1300;VOLTA;999;999;HFC/LAN i Telewizja;500;50;650;Pakiet PODSTAWOWY;140;129;;;1;999;218.00;;;;;;
1301;VOLTA;999;999;HFC/LAN i Telewizja;600;60;650;Pakiet PEŁNY;168;184;;;1;999;258.00;;;;;;
1302;ABAKS;24;24;Internet i Telewizja;200;100;120;Pakiet Podstawowy;79;57;;;1;24;96.00;;;;;;
1303;ABAKS;24;24;Internet i Telewizja;200;100;120;Pakiet Korzystny;136;129;;;1;24;118.00;;;;;;
1304;ABAKS;24;24;Internet i Telewizja;200;100;120;Pakiet Bogaty;179;184;;;1;24;130.00;;;;;;
1305;ABAKS;24;24;Internet i Telewizja;300;150;300;Pakiet Podstawowy;79;57;;;1;24;112.00;;;;;;
1306;ABAKS;24;24;Internet i Telewizja;300;150;300;Pakiet Korzystny;136;129;;;1;24;134.00;;;;;;
1307;ABAKS;24;24;Internet i Telewizja;300;150;300;Pakiet Bogaty;179;184;;;1;24;146.00;;;;;;
1308;ABAKS;24;24;Internet i Telewizja;600;300;650;Pakiet Podstawowy;79;57;;;1;24;132.00;;;;;;
1309;ABAKS;24;24;Internet i Telewizja;600;300;650;Pakiet Korzystny;136;129;;;1;24;154.00;;;;;;
1310;ABAKS;24;24;Internet i Telewizja;600;300;650;Pakiet Bogaty;179;184;;;1;24;166.00;;;;;;
1311;ABAKS;24;24;Internet i Telewizja;900;400;800;Pakiet Podstawowy;79;57;;;1;24;142.00;;;;;;
1312;ABAKS;24;24;Internet i Telewizja;900;400;800;Pakiet Korzystny;136;129;;;1;24;164.00;;;;;;
1313;ABAKS;24;24;Internet i Telewizja;900;400;800;Pakiet Bogaty;179;184;;;1;24;176.00;;;;;;
1314;INTELLY;12;12;Internet i Telewizja;300;30;300;Pakiet Oszczędny;89;57;;;1;12;125.00;;;;;;
1315;INTELLY;12;12;Internet i Telewizja;450;45;300;Pakiet Wygodny;138;129;;;1;12;155.00;;;;;;
1316;INTELLY;12;12;Internet i Telewizja;600;60;650;Pakiet Bogaty;192;184;;;1;12;200.00;;;;;;
1317;INTELLY;24;24;Internet i Telewizja;300;30;300;Pakiet Oszczędny;89;57;;;1;24;115.00;;;;;;
1318;INTELLY;24;24;Internet i Telewizja;450;45;300;Pakiet Wygodny;138;129;;;1;24;145.00;;;;;;
1319;INTELLY;24;24;Internet i Telewizja;600;60;650;Pakiet Bogaty;192;184;;;1;24;190.00;;;;;;
1320;IVENDO;24;24;Blok i Mieszkanie;200;20;120;Pakiet Podstawowy;86;57;;;1;24;59.00;;;;;;
1321;IVENDO;24;24;Blok i Mieszkanie;200;20;120;Pakiet Korzystny;143;129;;;1;24;79.00;;;;;;
1322;IVENDO;24;24;Blok i Mieszkanie;200;20;120;Pakiet Bogaty;184;184;;;1;24;89.00;;;;;;
1323;IVENDO;24;24;Blok i Mieszkanie;300;30;300;Pakiet Podstawowy;86;57;;;1;24;59.00;;;;;;
1324;IVENDO;24;24;Blok i Mieszkanie;300;30;300;Pakiet Korzystny;143;129;;;1;24;89.00;;;;;;
1325;IVENDO;24;24;Blok i Mieszkanie;300;30;300;Pakiet Bogaty;184;184;;;1;24;99.00;;;;;;
1326;IVENDO;24;24;Dom;100;10;120;Pakiet Podstawowy;86;57;;;1;24;74.90;;;;;;
1327;IVENDO;24;24;Dom;100;10;120;Pakiet Korzystny;143;129;;;1;24;94.90;;;;;;
1328;IVENDO;24;24;Dom;100;10;120;Pakiet Bogaty;184;184;;;1;24;104.90;;;;;;
1329;IVENDO;24;24;Dom;200;20;120;Pakiet Podstawowy;86;57;;;1;24;84.90;;;;;;
1330;IVENDO;24;24;Dom;200;20;120;Pakiet Korzystny;143;129;;;1;24;104.90;;;;;;
1331;IVENDO;24;24;Dom;200;20;120;Pakiet Bogaty;184;184;;;1;24;114.90;;;;;;
1332;IWKD;24;24;Internet i Telewizja;300;150;300;Pakiet PODSTAWOWY;83;57;Telefon stacjonarny za 0 zł;;1;24;89.90;;;;;;
1333;IWKD;24;24;Internet i Telewizja;300;150;300;Pakiet KORZYSTNY;137;129;Telefon stacjonarny za 0 zł;;1;24;109.90;;;;;;
1334;IWKD;24;24;Internet i Telewizja;300;150;300;Pakiet BOGATY;171;184;Telefon stacjonarny za 0 zł;;1;24;119.90;;;;;;
1335;BUDIMPEX;12;12;Internet i Telewizja;300;150;300;Pakiet SMART;152;129;;;1;12;135.00;;;;;;
1336;BUDIMPEX;12;12;Internet i Telewizja;300;150;300;Pakiet Optimum;196;184;;;1;12;150.00;;;;;;
1337;BUDIMPEX;12;12;Internet i Telewizja;300;150;300;Pakiet Platinum;231;236;;;1;12;179.00;;;;;;
1338;BUDIMPEX;12;12;Internet i Telewizja;600;300;650;Pakiet SMART;152;129;;;1;12;145.00;;;;;;
1339;BUDIMPEX;12;12;Internet i Telewizja;600;300;650;Pakiet Optimum;196;184;;;1;12;160.00;;;;;;
1340;BUDIMPEX;12;12;Internet i Telewizja;600;300;650;Pakiet Platinum;231;236;;;1;12;189.00;;;;;;
1341;BUDIMPEX;12;12;Internet i Telewizja;900;500;800;Pakiet SMART;152;129;;;1;12;165.00;;;;;;
1342;BUDIMPEX;12;12;Internet i Telewizja;900;500;800;Pakiet Optimum;196;184;;;1;12;180.00;;;;;;
1343;BUDIMPEX;12;12;Internet i Telewizja;900;500;800;Pakiet Platinum;231;236;;;1;12;209.00;;;;;;
1344;BUDIMPEX;24;24;Internet i Telewizja;300;150;300;Pakiet SMART;152;129;;;1;24;105.00;;;;;;
1345;BUDIMPEX;24;24;Internet i Telewizja;300;150;300;Pakiet Optimum;196;184;;;1;24;120.00;;;;;;
1346;BUDIMPEX;24;24;Internet i Telewizja;300;150;300;Pakiet Platinum;231;236;;;1;24;149.00;;;;;;
1347;BUDIMPEX;24;24;Internet i Telewizja;600;300;650;Pakiet SMART;152;129;;;1;24;115.00;;;;;;
1348;BUDIMPEX;24;24;Internet i Telewizja;600;300;650;Pakiet Optimum;196;184;;;1;24;130.00;;;;;;
1349;BUDIMPEX;24;24;Internet i Telewizja;600;300;650;Pakiet Platinum;231;236;;;1;24;159.00;;;;;;
1350;BUDIMPEX;24;24;Internet i Telewizja;900;500;800;Pakiet SMART;152;129;;;1;24;135.00;;;;;;
1351;BUDIMPEX;24;24;Internet i Telewizja;900;500;800;Pakiet Optimum;196;184;;;1;24;150.00;;;;;;
1352;BUDIMPEX;24;24;Internet i Telewizja;900;500;800;Pakiet Platinum;231;236;;;1;24;179.00;;;;;;
1353;BUDIMPEX;999;999;Internet i Telewizja;300;150;300;Pakiet SMART;152;129;;;1;999;195.00;;;;;;
1354;BUDIMPEX;999;999;Internet i Telewizja;300;150;300;Pakiet Optimum;196;184;;;1;999;210.00;;;;;;
1355;BUDIMPEX;999;999;Internet i Telewizja;300;150;300;Pakiet Platinum;231;236;;;1;999;229.00;;;;;;
1356;BUDIMPEX;999;999;Internet i Telewizja;600;300;650;Pakiet SMART;152;129;;;1;999;205.00;;;;;;
1357;BUDIMPEX;999;999;Internet i Telewizja;600;300;650;Pakiet Optimum;196;184;;;1;999;220.00;;;;;;
1358;BUDIMPEX;999;999;Internet i Telewizja;600;300;650;Pakiet Platinum;231;236;;;1;999;239.00;;;;;;
1359;BUDIMPEX;999;999;Internet i Telewizja;900;500;800;Pakiet SMART;152;129;;;1;999;225.00;;;;;;
1360;BUDIMPEX;999;999;Internet i Telewizja;900;500;800;Pakiet Optimum;196;184;;;1;999;240.00;;;;;;
1361;BUDIMPEX;999;999;Internet i Telewizja;900;500;800;Pakiet Platinum;231;236;;;1;999;259.00;;;;;;
1362;TIMPLUS;12;12;Internet i Telewizja;300;30;300;Pakiet Dom HD;98;129;;;1;12;95.00;;;;;;
1363;TIMPLUS;12;12;Internet i Telewizja;300;30;300;Pakiet Komfort HD;150;129;;;1;12;104.00;;;;;;
1364;TIMPLUS;12;12;Internet i Telewizja;300;30;300;Pakiet Więcej HD;161;184;;;1;12;119.00;;;;;;
1365;TIMPLUS;12;12;Internet i Telewizja;600;60;650;Pakiet Dom HD;98;129;;;1;12;110.00;;;;;;
1366;TIMPLUS;12;12;Internet i Telewizja;600;60;650;Pakiet Komfort HD;150;129;;;1;12;119.00;;;;;;
1367;TIMPLUS;12;12;Internet i Telewizja;600;60;650;Pakiet Więcej HD;161;184;;;1;12;134.00;;;;;;
1368;TIMPLUS;12;12;Internet i Telewizja;1000;100;800;Pakiet Dom HD;98;129;;;1;12;120.00;;;;;;
1369;TIMPLUS;12;12;Internet i Telewizja;1000;100;800;Pakiet Komfort HD;150;129;;;1;12;129.00;;;;;;
1370;TIMPLUS;12;12;Internet i Telewizja;1000;100;800;Pakiet Więcej HD;161;184;;;1;12;144.00;;;;;;
1371;VLMEDIA;24;24;Internet i Telewizja;300;30;300;LUZ HD;125;129;;;1;24;69.00;;;;;;
1372;VLMEDIA;24;24;Internet i Telewizja;300;30;300;KOMFORT+ HD;180;184;;;1;24;99.00;;;;;;
1373;VLMEDIA;24;24;Internet i Telewizja;600;60;650;PRESTIŻ HD;212;236;;;1;24;119.00;;;;;;
1374;VLMEDIA;24;24;Internet i Telewizja;1000;100;800;MAX HD;222;236;;;1;24;149.00;;;;;;
1375;MBIT;24;24;Blok;150;150;120;Pakiet Mini HD;136;129;;;1;24;65.00;;;;;;
1376;MBIT;24;24;Blok;300;300;300;Pakiet Wielotematyczny HD;186;184;;;1;24;75.00;;;;;;
1377;MBIT;24;24;Blok;500;500;650;Pakiet Wielotematyczny HD;186;184;;;1;24;85.00;;;;;;
1378;MBIT;24;24;Blok;500;500;650;Pakiet Wielotematyczny Super HD;200;184;;;1;24;95.00;;;;;;
1379;HISPEED;24;24;Internet i Telewizja;300;30;300;Pakiet Podstawowy;62;57;;;1;24;73.00;;;;;;
1380;HISPEED;24;24;Internet i Telewizja;600;60;650;Pakiet Podstawowy;62;57;;;1;24;93.00;;;;;;
1381;HISPEED;24;24;Internet i Telewizja;1000;100;800;Pakiet Podstawowy;62;57;;;1;24;108.00;;;;;;
1382;PRO_INTERNET;24;24;Internet i Telewizja;500;500;650;Pakiet PRIMUM;57;57;;;1;24;139.00;;;;;;
1383;PRO_INTERNET;24;24;Internet i Telewizja;700;700;650;Pakiet MEDIUM;126;129;;;1;24;169.00;;;;;;
1384;PRO_INTERNET;24;24;Internet i Telewizja;700;700;650;Pakiet MEDIUM;126;129;CANAL+ PRESTIGE;;1;24;199.00;;;;;;
1385;PRO_INTERNET;24;24;Internet i Telewizja;900;900;800;Pakiet OPTIMUM;142;129;;;1;24;189.00;;;;;;
1386;PRO_INTERNET;24;24;Internet i Telewizja;900;900;800;Pakiet OPTIMUM;142;129;CANAL+ PRESTIGE;;1;24;219.00;;;;;;
1387;PRO_INTERNET;24;24;Internet i Telewizja;2000;2000;800;Pakiet PRIMUM;57;57;;;1;24;189.00;;;;;;
1388;PRO_INTERNET;24;24;Internet i Telewizja;4000;4000;800;Pakiet MEDIUM;126;129;;;1;24;219.00;;;;;;
1389;PRO_INTERNET;24;24;Internet i Telewizja;4000;4000;800;Pakiet MEDIUM;126;129;CANAL+ PRESTIGE;;1;24;249.00;;;;;;
1390;PRO_INTERNET;24;24;Internet i Telewizja;6000;6000;800;Pakiet OPTIMUM;142;129;;;1;24;239.00;;;;;;
1391;PRO_INTERNET;24;24;Internet i Telewizja;6000;6000;800;Pakiet OPTIMUM;142;129;CANAL+ PRESTIGE;;1;24;269.00;;;;;;
1392;PROVECTOR;24;24;Internet i Telewizja;300;100;300;Pakiet Podstawowy;79;57;JAMBOX GO!;;1;24;79.99;;;;;;
1393;PROVECTOR;24;24;Internet i Telewizja;300;100;300;Pakiet Mini HD;128;129;JAMBOX GO!;;1;24;75.00;;;;;;
1394;PROVECTOR;24;24;Internet i Telewizja;600;100;650;Pakiet Podstawowy;79;57;JAMBOX GO!;;1;24;99.99;;;;;;
1395;PROVECTOR;24;24;Internet i Telewizja;600;100;650;Pakiet Mini HD;128;129;JAMBOX GO!;;1;24;100.00;;;;;;
1396;PROVECTOR;24;24;Internet i Telewizja;600;100;650;Pakiet Korzystny;136;129;JAMBOX GO!;;1;24;99.99;;;;;;
1397;PROVECTOR;24;24;Internet i Telewizja;600;100;650;Pakiet Wielotematyczny HD;161;184;JAMBOX GO!, Pakiet Filmbox HD;;1;24;100.99;;;;;;
1398;PROVECTOR;24;24;Internet i Telewizja;600;100;650;Pakiet Wielotematyczny Super HD;173;184;JAMBOX GO!, Pakiet Filmbox HD;;1;24;129.99;;;;;;
1399;PROVECTOR;24;24;Internet i Telewizja;600;100;650;Pakiet Bogaty;179;184;JAMBOX GO!;;1;24;115.99;;;;;;
1400;PROVECTOR;24;24;Internet i Telewizja;900;300;800;Pakiet Podstawowy;79;57;JAMBOX GO!;;1;24;109.99;;;;;;
1401;PROVECTOR;24;24;Internet i Telewizja;900;300;800;Pakiet Mini HD;128;129;JAMBOX GO!;;1;24;105.00;;;;;;
1402;PROVECTOR;24;24;Internet i Telewizja;900;300;800;Pakiet Korzystny;136;129;JAMBOX GO!;;1;24;109.99;;;;;;
1403;PROVECTOR;24;24;Internet i Telewizja;900;300;800;Pakiet Wielotematyczny HD;161;184;JAMBOX GO!, Pakiet Filmbox HD;;1;24;110.99;;;;;;
1404;PROVECTOR;24;24;Internet i Telewizja;900;300;800;Pakiet Wielotematyczny Super HD;173;184;JAMBOX GO!, Pakiet Filmbox HD;;1;24;139.99;;;;;;
1405;PROVECTOR;24;24;Internet i Telewizja;900;300;800;Pakiet Bogaty;179;184;JAMBOX GO!;;1;24;125.99;;;;;;
1406;CITYLINK;24;24;Blok;100;10;120;Pakiet Na start;84;57;;;1;24;50.00;;;;;;
1407;CITYLINK;24;24;Blok;400;40;300;Pakiet Na start;84;57;;;1;24;60.00;;;;;;
1408;CITYLINK;24;24;Blok;700;70;650;Pakiet Korzystny;143;129;;;1;24;85.00;;;;;;
1409;CITYLINK;24;24;Blok;700;70;650;Pakiet Bogaty;185;184;;;1;24;95.00;;;;;;
1410;CITYLINK;24;24;Blok;1000;100;800;Pakiet Bogaty;185;184;;;1;24;110.00;;;;;;
1411;CITYLINK;24;24;Dom;100;10;120;Pakiet Na start;84;57;;;1;24;70.00;;;;;;
1412;CITYLINK;24;24;Dom;400;40;300;Pakiet Na start;84;57;;;1;24;85.00;;;;;;
1413;CITYLINK;24;24;Dom;700;70;650;Pakiet Na start;84;57;;;1;24;95.00;;;;;;
1414;CITYLINK;24;24;Dom;1000;100;800;Pakiet Korzystny;143;129;;;1;24;140.00;;;;;;
1415;CITYLINK;24;24;Dom;1000;100;800;Pakiet Bogaty;185;184;;;1;24;160.00;;;;;;
